<iconset version="14" name="Public Safety Air" defaultGroup="Public Safety Air" skipResize="false" uid="66f14976-4b62-4023-8edb-d8d2ebeaa336">
   <icon name="a-f-A-M-F-R-Z.png" type2525b="a-f-A-M-F-R-Z"/>
   <icon name="a-f-A-M-F-WX.png" type2525b="a-f-A-M-F"/>
   <icon name="FIRE_SEAT.png" type2525b="a-f-A-C-F"/>
   <icon name="a-f-A-M-F-A.png" type2525b="a-f-A-M-F-A"/>
   <icon name="a-n-A-M-F-V.png"/>
   <icon name="EMS_ROTOR.png" type2525b="a-f-A-C-H"/>
   <icon name="FIRE_LEAD_PLANE.png" type2525b="a-f-A-C-F"/>
   <icon name="a-f-A-M-F-Y.png" type2525b="a-f-A-M-F-Y"/>
   <icon name="CIV_LTA_TETHERED.png" type2525b="a-f-A-C-L"/>
   <icon name="a-f-A-M-H.png" type2525b="a-f-A-M-H"/>
   <icon name="FED_ROTOR.png" type2525b="a-f-A-C-H"/>
   <icon name="FIRE_UAS.png" type2525b="a-f-A-M-F-Q"/>
   <icon name="a-f-A-M-F-V.png" type2525b="a-f-A-M-F"/>
   <icon name="MIL_ROTOR_MED_RESCUE.png" type2525b="a-f-A-M-H-O"/>
   <icon name="FIRE_AIR_ATTACK.png" type2525b="a-f-A-C-F"/>
   <icon name="FIRE_MULTI_USE.png" type2525b="a-f-A-C-F"/>
   <icon name="a-f-A-M-H-V.png" type2525b="a-f-A-M-H"/>
   <icon name="FIRE_ROTOR_AIR_ATTACK.png" type2525b="a-f-A-C-H"/>
   <icon name="FIRE_ROTOR_INTEL.png" type2525b="a-f-A-C-H"/>
   <icon name="FIRE_AIR_TANKER.png" type2525b="a-f-A-C-F"/>
   <icon name="a-f-A-M-F-U.png" type2525b="a-f-A-M-F-U"/>
   <icon name="FED_ROTOR_RESCUE.png" type2525b="a-f-A-C-H"/>
   <icon name="CIV_FIXED_ISR.png" type2525b="a-f-A-C-F"/>
   <icon name="EMS_FIXED_WING.png" type2525b="a-f-A-C-F"/>
   <icon name="FED_FIXED_WING.png" type2525b="a-f-A-C-F"/>
   <icon name="CIV_LTA_AIRSHIP.png" type2525b="a-f-A-C-L"/>
   <icon name="EMS_ROTOR_RESCUE.png" type2525b="a-f-A-C-H"/>
   <icon name="a-f-A-M-F-O.png" type2525b="a-f-A-M-F-O"/>
   <icon name="a-f-A-M-H-H.png" type2525b="a-f-A-M-H-H"/>
   <icon name="a-f-A-M-F-J.png" type2525b="a-f-A-M-F-J"/>
   <icon name="LE_FIXED_WING.png"/>
   <icon name="FIRE_ROTOR.png" type2525b="a-f-A-C-H"/>
   <icon name="MIL_ROTOR_ISR_RESCUE.png" type2525b="a-f-A-M-H-R"/>
   <icon name="FED_UAS.png" type2525b="a-f-A-M-F-Q"/>
   <icon name="FIRE_INTEL.png" type2525b="a-f-A-C-F"/>
   <icon name="a-f-A-M-F-R.png" type2525b="a-f-A-M-F-R"/>
   <icon name="a-f-A-M-F-Q.png" type2525b="a-f-A-M-F-Q"/>
   <icon name="LE_ROTOR.png"/>
   <icon name="LE_ROTOR_RESCUE.png"/>
   <icon name="CIV_ROTOR_ISR.png" type2525b="a-f-A-C-H"/>
   <icon name="FED_FIXED_WING_ISR.png" type2525b="a-f-A-C-F"/>
   <icon name="FIRE_ROTOR_RESCUE.png" type2525b="a-f-A-C-H"/>
   <icon name="CIV_FIXED_CAP.png" type2525b="a-f-A-C-F"/>
   <icon name="a-f-A-M-H-R.png" type2525b="a-f-A-M-H-R"/>
   <icon name="LE_UAS.png"/>
   <icon name="FIRE_SMOKE_JMPR.png" type2525b="a-f-A-C-F"/>
   <icon name="a-f-A-M-F-C.png" type2525b="a-f-A-M-F-C"/>
   <icon name="CIV_LTA_BALLOON.png" type2525b="a-f-A-C-L"/>
   <icon name="LE_FIXED_WING_ISR.png"/>
   <icon name="CIV_UAS_ROTOR.png" type2525b="a-f-A-M-H-Q"/>
   <icon name="CIV_UAS.png" type2525b="a-f-A-M-F-Q"/>
</iconset>