<iconset version="1" defaultFriendly="salute.png" defaultHostile="robber.png" defaultNeutral="soldier5.png" defaultUnknown="suspect.png" name="Default" defaultGroup="Military" skipResize="false" uid="34ae1613-9645-4222-a9d2-e5f243dea2865">
   <icon name="rifle2.png" type2525b="a-u-G-E-W"/>
   <icon name="reticle2.png" type2525b="a-u-G"/>
   <icon name="tracks.png" type2525b="a-u-G"/>
   <icon name="treestand.png" type2525b="a-u-G"/>
   <icon name="rabbitcrosshair.png" type2525b="a-u-G"/>
   <icon name="scope2.png" type2525b="a-u-G"/>
   <icon name="buck.png" type2525b="a-u-G"/>
   <icon name="target.png" type2525b="a-u-G"/>
   <icon name="bow2.png" type2525b="a-u-G"/>
   <icon name="target4.png" type2525b="a-u-G"/>
   <icon name="smallmouth.png" type2525b="a-u-G"/>
   <icon name="deer2.png" type2525b="a-u-G"/>
   <icon name="deer_crosshair.png" type2525b="a-u-G"/>
   <icon name="pheasant.png" type2525b="a-u-G"/>
   <icon name="fishing.png" type2525b="a-u-G"/>
   <icon name="boar.png" type2525b="a-u-G"/>
   <icon name="fish.png" type2525b="a-u-G"/>
   <icon name="fishing2.png" type2525b="a-u-G"/>
   <icon name="archery.png" type2525b="a-u-G"/>
   <icon name="largemouth.png" type2525b="a-u-G"/>
   <icon name="deer3.png" type2525b="a-u-G"/>
   <icon name="coyote.png" type2525b="a-u-G"/>
   <icon name="arrow3.png" type2525b="a-u-G"/>
   <icon name="treestand2.png" type2525b="a-u-G"/>
   <icon name="bow.png" type2525b="a-u-G-E-W"/>
   <icon name="spear.png" type2525b="a-u-G"/>
   <icon name="trap.png" type2525b="a-u-G"/>
   <icon name="target3.png" type2525b="a-u-G"/>
   <icon name="tom.png" type2525b="a-u-G"/>
   <icon name="quail.png" type2525b="a-u-G"/>
   <icon name="doe2.png" type2525b="a-u-G"/>
   <icon name="moose2.png" type2525b="a-u-G"/>
   <icon name="elk.png" type2525b="a-u-G"/>
   <icon name="elk2.png" type2525b="a-u-G"/>
   <icon name="huntingblind.png" type2525b="a-u-G"/>
   <icon name="shotgun3.png" type2525b="a-u-G-E-W"/>
   <icon name="speargun.png" type2525b="a-u-G"/>
   <icon name="spotting.png" type2525b="a-u-G"/>
   <icon name="arrow2.png" type2525b="a-u-G"/>
   <icon name="birddog.png" type2525b="a-u-G"/>
   <icon name="cat.png" type2525b="a-u-G"/>
   <icon name="deer.png" type2525b="a-u-G"/>
   <icon name="reticle.png" type2525b="a-u-G"/>
   <icon name="antlers.png" type2525b="a-u-G"/>
   <icon name="moose.png" type2525b="a-u-G"/>
   <icon name="archer.png" type2525b="a-u-G"/>
   <icon name="scope3.png" type2525b="a-u-G"/>
   <icon name="target2.png" type2525b="a-u-G"/>
   <icon name="crosshair1.png" type2525b="a-u-G"/>
   <icon name="scope.png" type2525b="a-u-G"/>
   <icon name="shotgun2.png" type2525b="a-u-G-E-W"/>
   <icon name="crosshair.png" type2525b="a-u-G"/>
   <icon name="arrow.png" type2525b="a-u-G"/>
   <icon name="buck3.png" type2525b="a-u-G"/>
   <icon name="doe.png" type2525b="a-u-G"/>
   <icon name="buck2.png" type2525b="a-u-G"/>
   <icon name="bombing.png" type2525b="a-u-G-E-W"/>
   <icon name="RPG.png" type2525b="a-u-G-E-W"/>
   <icon name="submarine.png" type2525b="a-u-U"/>
   <icon name="LittleBird4.png" type2525b="a-u-A-M-H"/>
   <icon name="reticle3.png" type2525b="a-u-G"/>
   <icon name="chinook.png" type2525b="a-u-A-M-H-C"/>
   <icon name="artillary.png" type2525b="a-u-G-E-W"/>
   <icon name="B52.png" type2525b="a-u-A-M-F-A"/>
   <icon name="destroyer.png" type2525b="a-u-S-C-L-D-D"/>
   <icon name="seaman.png" type2525b="a-u-G"/>
   <icon name="soldier5.png" type2525b="a-u-G"/>
   <icon name="TruckCargo.png" type2525b="a-u-G-E-V"/>
   <icon name="submarine3.png" type2525b="a-u-U"/>
   <icon name="cruiser.png" type2525b="a-u-S-C-L-C-C"/>
   <icon name="MRAP.png" type2525b="a-u-G-E-V"/>
   <icon name="Missle.png" type2525b="a-u-G-E-W"/>
   <icon name="AK47.png" type2525b="a-u-G-E-W-R"/>
   <icon name="cannon3.png" type2525b="a-u-G-E-W"/>
   <icon name="fortress.png" type2525b="a-u-G"/>
   <icon name="blackhawk1.png" type2525b="a-u-A-M-H"/>
   <icon name="sniper2.png" type2525b="a-u-G"/>
   <icon name="LittleBird2.png" type2525b="a-u-A-M-H"/>
   <icon name="F18.png" type2525b="a-u-A-M-F-F"/>
   <icon name="commander.png" type2525b="a-u-G-U-U-S-O"/>
   <icon name="bomb.png" type2525b="a-u-G-E-W"/>
   <icon name="Tank2.png" type2525b="a-u-G-E-V-A-T"/>
   <icon name="F22.png" type2525b="a-u-A-M-F-F"/>
   <icon name="MissleLauncher.png" type2525b="a-u-G-E-W"/>
   <icon name="soldier2.png" type2525b="a-u-G"/>
   <icon name="Predator.png" type2525b="a-u-A-M-F-Q"/>
   <icon name="missle2.png" type2525b="a-u-G-E-W"/>
   <icon name="F16.png" type2525b="a-u-A-M-F-F"/>
   <icon name="shield2.png" type2525b="a-u-G"/>
   <icon name="Chinook2.png" type2525b="a-u-A-M-H-C"/>
   <icon name="radar.png" type2525b="a-u-G"/>
   <icon name="rocket.png" type2525b="a-u-G-E-W"/>
   <icon name="AV8B.png" type2525b="a-u-A-M-F-A"/>
   <icon name="soldier.png" type2525b="a-u-G"/>
   <icon name="K9.png" type2525b="a-u-G"/>
   <icon name="Tank3.png" type2525b="a-u-G-E-V-A-T"/>
   <icon name="Tank11.png" type2525b="a-u-G-E-V-A-T"/>
   <icon name="UAV_quad.png" type2525b="a-u-A-M-F-Q"/>
   <icon name="range.png" type2525b="a-u-G"/>
   <icon name="pistol.png" type2525b="a-u-G-E-W"/>
   <icon name="medical.png" type2525b="a-u-G-U-S-M"/>
   <icon name="soldier4.png" type2525b="a-u-G"/>
   <icon name="SIGINT.png" type2525b="a-u-A-M-F-R-Z"/>
   <icon name="EA-6B.png" type2525b="a-u-A-M-F"/>
   <icon name="fastrope2.png" type2525b="a-u-A-M-H"/>
   <icon name="Explosion.png" type2525b="a-u-G"/>
   <icon name="jeep2.png" type2525b="a-u-G-E-V"/>
   <icon name="jeep4.png" type2525b="a-u-G-E-V"/>
   <icon name="sniper.png" type2525b="a-u-G"/>
   <icon name="Tank8.png" type2525b="a-u-G-E-V-A-T"/>
   <icon name="GunTruck.png" type2525b="a-u-G-E-V"/>
   <icon name="F35.png" type2525b="a-u-A-M-F-F"/>
   <icon name="rifle.png" type2525b="a-u-G-E-W"/>
   <icon name="F111A.png" type2525b="a-u-A-M-F-F"/>
   <icon name="C-17.png" type2525b="a-u-A-M-F"/>
   <icon name="airdrop.png" type2525b="a-u-A"/>
   <icon name="fastrope.png" type2525b="a-u-A-M-H"/>
   <icon name="aircraftcarrier.png" type2525b="a-u-S-C-L-C-V"/>
   <icon name="team.png" type2525b="a-u-G"/>
   <icon name="Glock.png" type2525b="a-u-G-E-W"/>
   <icon name="Tank7.png" type2525b="a-u-G-E-V-A-T"/>
   <icon name="Tank9.png" type2525b="a-u-G-E-V-A-T"/>
   <icon name="MP.png" type2525b="a-u-G-E-W"/>
   <icon name="ISR.png" type2525b="a-u-A-M-F"/>
   <icon name="assaultship.png" type2525b="a-u-S-C-A-L-A"/>
   <icon name="helmet.png" type2525b="a-u-G"/>
   <icon name="Salute.png" type2525b="a-u-G"/>
   <icon name="PC-12.png" type2525b="a-u-A-M-F"/>
   <icon name="target5.png" type2525b="a-u-G"/>
   <icon name="CV-22.png" type2525b="a-u-A-M-H"/>
   <icon name="B2.png" type2525b="a-u-A-M-F-B"/>
   <icon name="jeep3.png" type2525b="a-u-G-E-V"/>
   <icon name="knife.png" type2525b="a-u-G-E-W"/>
   <icon name="cannon2.png" type2525b="a-u-G-E-W"/>
   <icon name="Reaper.png" type2525b="a-u-G"/>
   <icon name="Tank10.png" type2525b="a-u-G-E-V-A-T"/>
   <icon name="cannon.png" type2525b="a-u-G-E-W"/>
   <icon name="convoy.png" type2525b="a-u-G-E-V"/>
   <icon name="surrender.png" type2525b="a-u-G"/>
   <icon name="jeep1.png"/>
   <icon name="blackhawk.png" type2525b="a-u-A-M-H"/>
   <icon name="soldier6.png" type2525b="a-u-G"/>
   <icon name="molotov.png" type2525b="a-u-G-E-W"/>
   <icon name="Tank6.png" type2525b="a-u-G-E-V-A-T"/>
   <icon name="Tank5.png" type2525b="a-u-G-E-V-A-T"/>
   <icon name="Submarine2.png" type2525b="a-u-U"/>
   <icon name="F117.png" type2525b="a-u-A-M-F-F"/>
   <icon name="F15.png" type2525b="a-u-A-M-F-F"/>
   <icon name="MFF.png" type2525b="a-u-A"/>
   <icon name="truckcargo2.png" type2525b="a-u-G-E-V"/>
   <icon name="Humvee.png" type2525b="a-u-G-E-V"/>
   <icon name="revolver.png" type2525b="a-u-G-E-W"/>
   <icon name="DogTags.png" type2525b="a-u-G"/>
   <icon name="airman.png" type2525b="a-u-A"/>
   <icon name="bullet.png" type2525b="a-u-G-E-W"/>
   <icon name="ISR2.png" type2525b="a-u-A-M-F"/>
   <icon name="LittleBird.png" type2525b="a-u-A-M-H"/>
   <icon name="apache.png" type2525b="a-u-A-M-H"/>
   <icon name="littlebird3.png" type2525b="a-u-A-M-H"/>
   <icon name="blackhawk2.png" type2525b="a-u-A-M-H"/>
   <icon name="CV_22.png" type2525b="a-u-A-M-H"/>
   <icon name="shotgun.png" type2525b="a-u-G-E-W"/>
   <icon name="soldier3.png" type2525b="a-u-G"/>
   <icon name="Tank4.png" type2525b="a-u-G-E-V-A-T"/>
   <icon name="DroneTarget.png" type2525b="a-u-G"/>
   <icon name="warrior.png" type2525b="a-u-G"/>
   <icon name="Grenade.png" type2525b="a-u-G-E-W"/>
   <icon name="RECCE.png" type2525b="a-u-A-M-F-R-X"/>
   <icon name="A10.png" type2525b="a-u-A-M-F"/>
   <icon name="shield.png" type2525b="a-u-G"/>
   <icon name="Tank.png" type2525b="a-u-G-E-V-A-T"/>
   <icon name="TruckM35.png" type2525b="a-u-G-E-V"/>
   <icon name="bomber.png" type2525b="a-u-A-M-F-B"/>
   <icon name="Tree4.png" type2525b="a-u-G"/>
   <icon name="Apple.png" type2525b="a-u-G"/>
   <icon name="Oak.png" type2525b="a-u-G"/>
   <icon name="Maple.png" type2525b="a-u-G"/>
   <icon name="Pineapple.png" type2525b="a-u-G"/>
   <icon name="Wheat.png" type2525b="a-u-G"/>
   <icon name="Tree.png" type2525b="a-u-G"/>
   <icon name="PineTree.png" type2525b="a-u-G"/>
   <icon name="Orange.png" type2525b="a-u-G"/>
   <icon name="Flower.png" type2525b="a-u-G"/>
   <icon name="Watermelon.png" type2525b="a-u-G"/>
   <icon name="Flower2.png" type2525b="a-u-G"/>
   <icon name="Tree2.png" type2525b="a-u-G"/>
   <icon name="Corn.png" type2525b="a-u-G"/>
   <icon name="Tomato.png" type2525b="a-u-G"/>
   <icon name="Acorn.png" type2525b="a-u-G"/>
   <icon name="SunFlower.png" type2525b="a-u-G"/>
   <icon name="Banana.png" type2525b="a-u-G"/>
   <icon name="Pear.png" type2525b="a-u-G"/>
   <icon name="Tree3.png" type2525b="a-u-G"/>
   <icon name="PalmTrees.png" type2525b="a-u-G"/>
   <icon name="PalmTree.png" type2525b="a-u-G"/>
   <icon name="Western-Sahara.png" type2525b="a-u-G"/>
   <icon name="Philippines.png" type2525b="a-u-G"/>
   <icon name="Democratic-Republic-of-the-Congo.png" type2525b="a-u-G"/>
   <icon name="Norway.png" type2525b="a-u-G"/>
   <icon name="Brazil.png" type2525b="a-u-G"/>
   <icon name="India.png" type2525b="a-u-G"/>
   <icon name="Chad.png" type2525b="a-u-G"/>
   <icon name="Tajikistan.png" type2525b="a-u-G"/>
   <icon name="Haiti.png" type2525b="a-u-G"/>
   <icon name="Zimbabwe.png" type2525b="a-u-G"/>
   <icon name="US-Virgin-Islands.png" type2525b="a-u-G"/>
   <icon name="Finland.png" type2525b="a-u-G"/>
   <icon name="Mozambique.png" type2525b="a-u-G"/>
   <icon name="Egypt.png" type2525b="a-u-G"/>
   <icon name="Madagascar.png" type2525b="a-u-G"/>
   <icon name="Turks-and-Caicos-Islands.png" type2525b="a-u-G"/>
   <icon name="Guinea-Bissau.png" type2525b="a-u-G"/>
   <icon name="Solomon-Islands.png" type2525b="a-u-G"/>
   <icon name="Bulgaria.png" type2525b="a-u-G"/>
   <icon name="Kyrgyzstan.png" type2525b="a-u-G"/>
   <icon name="Anguilla.png" type2525b="a-u-G"/>
   <icon name="Belgium.png" type2525b="a-u-G"/>
   <icon name="Northern-Cyprus.png" type2525b="a-u-G"/>
   <icon name="Italy.png" type2525b="a-u-G"/>
   <icon name="Micronesia.png" type2525b="a-u-G"/>
   <icon name="Moldova.png" type2525b="a-u-G"/>
   <icon name="England.png" type2525b="a-u-G"/>
   <icon name="Saint-Helena.png" type2525b="a-u-G"/>
   <icon name="Estonia.png" type2525b="a-u-G"/>
   <icon name="Iraq.png" type2525b="a-u-G"/>
   <icon name="Lebanon.png" type2525b="a-u-G"/>
   <icon name="Nagorno-Karabakh.png" type2525b="a-u-G"/>
   <icon name="Malawi.png" type2525b="a-u-G"/>
   <icon name="Lithuania.png" type2525b="a-u-G"/>
   <icon name="Luxembourg.png" type2525b="a-u-G"/>
   <icon name="Tuvalu.png" type2525b="a-u-G"/>
   <icon name="Aland.png" type2525b="a-u-G"/>
   <icon name="Kiribati.png" type2525b="a-u-G"/>
   <icon name="Red-Cross.png" type2525b="a-u-G"/>
   <icon name="Dominican-Republic.png" type2525b="a-u-G"/>
   <icon name="Abkhazia.png" type2525b="a-u-G"/>
   <icon name="Saint-Barthelemy.png" type2525b="a-u-G"/>
   <icon name="Tokelau.png" type2525b="a-u-G"/>
   <icon name="Fiji.png" type2525b="a-u-G"/>
   <icon name="Lesotho.png" type2525b="a-u-G"/>
   <icon name="Mexico.png" type2525b="a-u-G"/>
   <icon name="Unknown.png" type2525b="a-u-G"/>
   <icon name="Senegal.png" type2525b="a-u-G"/>
   <icon name="Peru.png" type2525b="a-u-G"/>
   <icon name="Bangladesh.png" type2525b="a-u-G"/>
   <icon name="United-Kingdom.png" type2525b="a-u-G"/>
   <icon name="Nauru.png" type2525b="a-u-G"/>
   <icon name="Canary-Islands.png" type2525b="a-u-G"/>
   <icon name="Angola.png" type2525b="a-u-G"/>
   <icon name="Martinique.png" type2525b="a-u-G"/>
   <icon name="Thailand.png" type2525b="a-u-G"/>
   <icon name="Antarctica.png" type2525b="a-u-G"/>
   <icon name="Liberia.png" type2525b="a-u-G"/>
   <icon name="Malta.png" type2525b="a-u-G"/>
   <icon name="Japan.png" type2525b="a-u-G"/>
   <icon name="Cote-dIvoire.png" type2525b="a-u-G"/>
   <icon name="Isle-of-Man.png" type2525b="a-u-G"/>
   <icon name="GoSquared.png" type2525b="a-u-G"/>
   <icon name="Cameroon.png" type2525b="a-u-G"/>
   <icon name="Kenya.png" type2525b="a-u-G"/>
   <icon name="Mayotte.png" type2525b="a-u-G"/>
   <icon name="Scotland.png" type2525b="a-u-G"/>
   <icon name="Kuwait.png" type2525b="a-u-G"/>
   <icon name="Greenland.png" type2525b="a-u-G"/>
   <icon name="Togo.png" type2525b="a-u-G"/>
   <icon name="Uganda.png" type2525b="a-u-G"/>
   <icon name="Hungary.png" type2525b="a-u-G"/>
   <icon name="Netherlands.png" type2525b="a-u-G"/>
   <icon name="Guyana.png" type2525b="a-u-G"/>
   <icon name="Malaysia.png" type2525b="a-u-G"/>
   <icon name="Papua-New-Guinea.png" type2525b="a-u-G"/>
   <icon name="Tanzania.png" type2525b="a-u-G"/>
   <icon name="Commonwealth.png" type2525b="a-u-G"/>
   <icon name="Antigua-and-Barbuda.png" type2525b="a-u-G"/>
   <icon name="Trinidad-and-Tobago.png" type2525b="a-u-G"/>
   <icon name="Austria.png" type2525b="a-u-G"/>
   <icon name="Argentina.png" type2525b="a-u-G"/>
   <icon name="Portugal.png" type2525b="a-u-G"/>
   <icon name="Guinea.png" type2525b="a-u-G"/>
   <icon name="Somalia.png" type2525b="a-u-G"/>
   <icon name="Equatorial-Guinea.png" type2525b="a-u-G"/>
   <icon name="Wales.png" type2525b="a-u-G"/>
   <icon name="Paraguay.png" type2525b="a-u-G"/>
   <icon name="Tunisia.png" type2525b="a-u-G"/>
   <icon name="Saint-Vincent-and-the-Grenadines.png" type2525b="a-u-G"/>
   <icon name="Yemen.png" type2525b="a-u-G"/>
   <icon name="Samoa.png" type2525b="a-u-G"/>
   <icon name="East-Timor.png" type2525b="a-u-G"/>
   <icon name="San-Marino.png" type2525b="a-u-G"/>
   <icon name="Australia.png" type2525b="a-u-G"/>
   <icon name="Russia.png" type2525b="a-u-G"/>
   <icon name="Liechtenstein.png" type2525b="a-u-G"/>
   <icon name="France.png" type2525b="a-u-G"/>
   <icon name="Guatemala.png" type2525b="a-u-G"/>
   <icon name="Sao-Tome-and-Principe.png" type2525b="a-u-G"/>
   <icon name="Djibouti.png" type2525b="a-u-G"/>
   <icon name="Mauritius.png" type2525b="a-u-G"/>
   <icon name="Guernsey.png" type2525b="a-u-G"/>
   <icon name="Germany.png" type2525b="a-u-G"/>
   <icon name="Brunei.png" type2525b="a-u-G"/>
   <icon name="Christmas-Island.png" type2525b="a-u-G"/>
   <icon name="Central-African-Republic.png" type2525b="a-u-G"/>
   <icon name="Pitcairn-Islands.png" type2525b="a-u-G"/>
   <icon name="Poland.png" type2525b="a-u-G"/>
   <icon name="Cook-Islands.png" type2525b="a-u-G"/>
   <icon name="Uruguay.png" type2525b="a-u-G"/>
   <icon name="United-Nations.png" type2525b="a-u-G"/>
   <icon name="Morocco.png" type2525b="a-u-G"/>
   <icon name="North-Korea.png" type2525b="a-u-G"/>
   <icon name="Niger.png" type2525b="a-u-G"/>
   <icon name="Faroes.png" type2525b="a-u-G"/>
   <icon name="Mauritania.png" type2525b="a-u-G"/>
   <icon name="NATO.png" type2525b="a-u-G"/>
   <icon name="Marshall-Islands.png" type2525b="a-u-G"/>
   <icon name="Qatar.png" type2525b="a-u-G"/>
   <icon name="Oman.png" type2525b="a-u-G"/>
   <icon name="Nigeria.png" type2525b="a-u-G"/>
   <icon name="British-Virgin-Islands.png" type2525b="a-u-G"/>
   <icon name="Saint-Martin.png" type2525b="a-u-G"/>
   <icon name="Cyprus.png" type2525b="a-u-G"/>
   <icon name="Colombia.png" type2525b="a-u-G"/>
   <icon name="Taiwan.png" type2525b="a-u-G"/>
   <icon name="New-Zealand.png" type2525b="a-u-G"/>
   <icon name="Norfolk-Island.png" type2525b="a-u-G"/>
   <icon name="Niue.png" type2525b="a-u-G"/>
   <icon name="Uzbekistan.png" type2525b="a-u-G"/>
   <icon name="Ecuador.png" type2525b="a-u-G"/>
   <icon name="South-Georgia-and-the-South-Sandwich-Islands.png" type2525b="a-u-G"/>
   <icon name="United-States.png" type2525b="a-u-G"/>
   <icon name="Botswana.png" type2525b="a-u-G"/>
   <icon name="Tonga.png" type2525b="a-u-G"/>
   <icon name="Ghana.png" type2525b="a-u-G"/>
   <icon name="Falkland-Islands.png" type2525b="a-u-G"/>
   <icon name="French-Polynesia.png" type2525b="a-u-G"/>
   <icon name="New-Caledonia.png" type2525b="a-u-G"/>
   <icon name="Sri-Lanka.png" type2525b="a-u-G"/>
   <icon name="Chile.png" type2525b="a-u-G"/>
   <icon name="Azerbaijan.png" type2525b="a-u-G"/>
   <icon name="Mali.png" type2525b="a-u-G"/>
   <icon name="Grenada.png" type2525b="a-u-G"/>
   <icon name="South-Ossetia.png" type2525b="a-u-G"/>
   <icon name="Benin.png" type2525b="a-u-G"/>
   <icon name="Sudan.png" type2525b="a-u-G"/>
   <icon name="Wallis-And-Futuna.png" type2525b="a-u-G"/>
   <icon name="Gibraltar.png" type2525b="a-u-G"/>
   <icon name="Singapore.png" type2525b="a-u-G"/>
   <icon name="Swaziland.png" type2525b="a-u-G"/>
   <icon name="Puerto-Rico.png" type2525b="a-u-G"/>
   <icon name="Cape-Verde.png" type2525b="a-u-G"/>
   <icon name="Andorra.png" type2525b="a-u-G"/>
   <icon name="Ukraine.png" type2525b="a-u-G"/>
   <icon name="Serbia.png" type2525b="a-u-G"/>
   <icon name="Armenia.png" type2525b="a-u-G"/>
   <icon name="Bolivia.png" type2525b="a-u-G"/>
   <icon name="Myanmar.png" type2525b="a-u-G"/>
   <icon name="Saint-Lucia.png" type2525b="a-u-G"/>
   <icon name="Burundi.png" type2525b="a-u-G"/>
   <icon name="Bermuda.png" type2525b="a-u-G"/>
   <icon name="Libya.png" type2525b="a-u-G"/>
   <icon name="Slovakia.png" type2525b="a-u-G"/>
   <icon name="Vietnam.png" type2525b="a-u-G"/>
   <icon name="Jordan.png" type2525b="a-u-G"/>
   <icon name="Romania.png" type2525b="a-u-G"/>
   <icon name="Ethiopia.png" type2525b="a-u-G"/>
   <icon name="Zambia.png" type2525b="a-u-G"/>
   <icon name="Honduras.png" type2525b="a-u-G"/>
   <icon name="Georgia.png" type2525b="a-u-G"/>
   <icon name="Macedonia.png" type2525b="a-u-G"/>
   <icon name="Mongolia.png" type2525b="a-u-G"/>
   <icon name="Cocos-Keeling-Islands.png" type2525b="a-u-G"/>
   <icon name="Nepal.png" type2525b="a-u-G"/>
   <icon name="Kosovo.png" type2525b="a-u-G"/>
   <icon name="Aruba.png" type2525b="a-u-G"/>
   <icon name="Panama.png" type2525b="a-u-G"/>
   <icon name="Macau.png" type2525b="a-u-G"/>
   <icon name="Saint-Kitts-and-Nevis.png" type2525b="a-u-G"/>
   <icon name="Guam.png" type2525b="a-u-G"/>
   <icon name="Czech-Republic.png" type2525b="a-u-G"/>
   <icon name="Suriname.png" type2525b="a-u-G"/>
   <icon name="Ireland.png" type2525b="a-u-G"/>
   <icon name="Mars.png" type2525b="a-u-G"/>
   <icon name="Nicaragua.png" type2525b="a-u-G"/>
   <icon name="Somaliland.png" type2525b="a-u-G"/>
   <icon name="Syria.png" type2525b="a-u-G"/>
   <icon name="Belize.png" type2525b="a-u-G"/>
   <icon name="Cayman-Islands.png" type2525b="a-u-G"/>
   <icon name="Dominica.png" type2525b="a-u-G"/>
   <icon name="Afghanistan.png" type2525b="a-u-G"/>
   <icon name="Burkina-Faso.png" type2525b="a-u-G"/>
   <icon name="Canada.png" type2525b="a-u-G"/>
   <icon name="Palau.png" type2525b="a-u-G"/>
   <icon name="Eritrea.png" type2525b="a-u-G"/>
   <icon name="El-Salvador.png" type2525b="a-u-G"/>
   <icon name="Saudi-Arabia.png" type2525b="a-u-G"/>
   <icon name="Croatia.png" type2525b="a-u-G"/>
   <icon name="Turkmenistan.png" type2525b="a-u-G"/>
   <icon name="Vatican-City.png" type2525b="a-u-G"/>
   <icon name="Kazakhstan.png" type2525b="a-u-G"/>
   <icon name="Indonesia.png" type2525b="a-u-G"/>
   <icon name="Spain.png" type2525b="a-u-G"/>
   <icon name="Bahamas.png" type2525b="a-u-G"/>
   <icon name="China.png" type2525b="a-u-G"/>
   <icon name="Northern-Mariana-Islands.png" type2525b="a-u-G"/>
   <icon name="Costa-Rica.png" type2525b="a-u-G"/>
   <icon name="Jamaica.png" type2525b="a-u-G"/>
   <icon name="Latvia.png" type2525b="a-u-G"/>
   <icon name="Cuba.png" type2525b="a-u-G"/>
   <icon name="Albania.png" type2525b="a-u-G"/>
   <icon name="Laos.png" type2525b="a-u-G"/>
   <icon name="turkey.png" type2525b="a-u-G"/>
   <icon name="Algeria.png" type2525b="a-u-G"/>
   <icon name="South-Korea.png" type2525b="a-u-G"/>
   <icon name="Iceland.png" type2525b="a-u-G"/>
   <icon name="Maldives.png" type2525b="a-u-G"/>
   <icon name="Monaco.png" type2525b="a-u-G"/>
   <icon name="South-Sudan.png" type2525b="a-u-G"/>
   <icon name="Bahrain.png" type2525b="a-u-G"/>
   <icon name="American-Samoa.png" type2525b="a-u-G"/>
   <icon name="Israel.png" type2525b="a-u-G"/>
   <icon name="Vanuatu.png" type2525b="a-u-G"/>
   <icon name="Olympics.png" type2525b="a-u-G"/>
   <icon name="Venezuela.png" type2525b="a-u-G"/>
   <icon name="European-Union.png" type2525b="a-u-G"/>
   <icon name="Barbados.png" type2525b="a-u-G"/>
   <icon name="Gabon.png" type2525b="a-u-G"/>
   <icon name="Rwanda.png" type2525b="a-u-G"/>
   <icon name="Republic-of-the-Congo.png" type2525b="a-u-G"/>
   <icon name="Sweden.png" type2525b="a-u-G"/>
   <icon name="Seychelles.png" type2525b="a-u-G"/>
   <icon name="Cambodia.png" type2525b="a-u-G"/>
   <icon name="Palestine.png" type2525b="a-u-G"/>
   <icon name="Comoros.png" type2525b="a-u-G"/>
   <icon name="French-Southern-Territories.png" type2525b="a-u-G"/>
   <icon name="Bhutan.png" type2525b="a-u-G"/>
   <icon name="Switzerland.png" type2525b="a-u-G"/>
   <icon name="Greece.png" type2525b="a-u-G"/>
   <icon name="Slovenia.png" type2525b="a-u-G"/>
   <icon name="Hong-Kong.png" type2525b="a-u-G"/>
   <icon name="Namibia.png" type2525b="a-u-G"/>
   <icon name="Bosnia-and-Herzegovina.png" type2525b="a-u-G"/>
   <icon name="Jersey.png" type2525b="a-u-G"/>
   <icon name="Montenegro.png" type2525b="a-u-G"/>
   <icon name="British-Antarctic-Territory.png" type2525b="a-u-G"/>
   <icon name="Sierra-Leone.png" type2525b="a-u-G"/>
   <icon name="Iran.png" type2525b="a-u-G"/>
   <icon name="Netherlands-Antilles.png" type2525b="a-u-G"/>
   <icon name="Montserrat.png" type2525b="a-u-G"/>
   <icon name="Curacao.png" type2525b="a-u-G"/>
   <icon name="Basque-Country.png" type2525b="a-u-G"/>
   <icon name="Pakistan.png" type2525b="a-u-G"/>
   <icon name="Gambia.png" type2525b="a-u-G"/>
   <icon name="South-Africa.png" type2525b="a-u-G"/>
   <icon name="United-Arab-Emirates.png" type2525b="a-u-G"/>
   <icon name="Denmark.png" type2525b="a-u-G"/>
   <icon name="Belarus.png" type2525b="a-u-G"/>
   <icon name="wood.png" type2525b="a-u-G"/>
   <icon name="hiking.png" type2525b="a-u-G"/>
   <icon name="potablewater.png" type2525b="a-u-G"/>
   <icon name="camp.png" type2525b="a-u-G"/>
   <icon name="tent4.png" type2525b="a-u-G"/>
   <icon name="camp3.png" type2525b="a-u-G"/>
   <icon name="compass.png" type2525b="a-u-G"/>
   <icon name="campsite.png" type2525b="a-u-G"/>
   <icon name="hatchets.png" type2525b="a-u-G"/>
   <icon name="climbing.png" type2525b="a-u-G"/>
   <icon name="mountain2.png" type2525b="a-u-G"/>
   <icon name="hatchet.png" type2525b="a-u-G"/>
   <icon name="tent.png" type2525b="a-u-G"/>
   <icon name="star.png" type2525b="a-u-G"/>
   <icon name="map.png" type2525b="a-u-G"/>
   <icon name="cabin.png" type2525b="a-u-G"/>
   <icon name="tent2.png" type2525b="a-u-G"/>
   <icon name="mountain.png" type2525b="a-u-G"/>
   <icon name="hiker.png" type2525b="a-u-G"/>
   <icon name="boot.png" type2525b="a-u-G"/>
   <icon name="camp2.png" type2525b="a-u-G"/>
   <icon name="summit.png" type2525b="a-u-G"/>
   <icon name="mountain3.png" type2525b="a-u-G"/>
   <icon name="backpack.png" type2525b="a-u-G"/>
   <icon name="tent3.png" type2525b="a-u-G"/>
   <icon name="water.png" type2525b="a-u-G"/>
   <icon name="Picnic.png" type2525b="a-u-G"/>
   <icon name="BeachChair.png" type2525b="a-u-G"/>
   <icon name="Grill.png" type2525b="a-u-G"/>
   <icon name="Lifeguard.png" type2525b="a-u-G"/>
   <icon name="BeachUmbrella.png" type2525b="a-u-G"/>
   <icon name="Drinks.png" type2525b="a-u-G"/>
   <icon name="sheep1.png" type2525b="a-u-G"/>
   <icon name="sheep.png" type2525b="a-u-G"/>
   <icon name="mosquito.png" type2525b="a-u-G"/>
   <icon name="honeybadger.png" type2525b="a-u-G"/>
   <icon name="goose.png" type2525b="a-u-G"/>
   <icon name="swan.png" type2525b="a-u-G"/>
   <icon name="pawprint.png" type2525b="a-u-G"/>
   <icon name="swallow.png" type2525b="a-u-G"/>
   <icon name="bear.png" type2525b="a-u-G"/>
   <icon name="starfish.png" type2525b="a-u-G"/>
   <icon name="lion.png" type2525b="a-u-G"/>
   <icon name="pig2.png" type2525b="a-u-G"/>
   <icon name="rhino2.png" type2525b="a-u-G"/>
   <icon name="gorilla.png" type2525b="a-u-G"/>
   <icon name="elephant.png" type2525b="a-u-G"/>
   <icon name="squirell1.png" type2525b="a-u-G"/>
   <icon name="panther.png" type2525b="a-u-G"/>
   <icon name="goat.png" type2525b="a-u-G"/>
   <icon name="whale.png" type2525b="a-u-G"/>
   <icon name="donkey2.png" type2525b="a-u-G"/>
   <icon name="eagle.png" type2525b="a-u-G"/>
   <icon name="rhino.png" type2525b="a-u-G"/>
   <icon name="cow5.png" type2525b="a-u-G"/>
   <icon name="owl.png" type2525b="a-u-G"/>
   <icon name="scorpion.png" type2525b="a-u-G"/>
   <icon name="pig3.png" type2525b="a-u-G"/>
   <icon name="ant.png" type2525b="a-u-G"/>
   <icon name="cow2.png" type2525b="a-u-G"/>
   <icon name="hen.png" type2525b="a-u-G"/>
   <icon name="bear2.png" type2525b="a-u-G"/>
   <icon name="pigeon.png" type2525b="a-u-G"/>
   <icon name="grizzly.png" type2525b="a-u-G"/>
   <icon name="rabbit1.png" type2525b="a-u-G"/>
   <icon name="bat.png" type2525b="a-u-G"/>
   <icon name="beehive.png" type2525b="a-u-G"/>
   <icon name="antelope.png" type2525b="a-u-G"/>
   <icon name="dolphin.png" type2525b="a-u-G"/>
   <icon name="rabbit.png" type2525b="a-u-G"/>
   <icon name="turtle.png" type2525b="a-u-G"/>
   <icon name="turkey1.png"/>
   <icon name="rooster.png" type2525b="a-u-G"/>
   <icon name="lioness.png" type2525b="a-u-G"/>
   <icon name="kangaroo.png" type2525b="a-u-G"/>
   <icon name="spider.png" type2525b="a-u-G"/>
   <icon name="horse.png" type2525b="a-u-G"/>
   <icon name="camel.png" type2525b="a-u-G"/>
   <icon name="camel2.png" type2525b="a-u-G"/>
   <icon name="llama.png" type2525b="a-u-G"/>
   <icon name="duck3.png" type2525b="a-u-G"/>
   <icon name="turtle2.png" type2525b="a-u-G"/>
   <icon name="geese.png" type2525b="a-u-G"/>
   <icon name="squirell.png" type2525b="a-u-G"/>
   <icon name="caribou.png" type2525b="a-u-G"/>
   <icon name="donkey3.png" type2525b="a-u-G"/>
   <icon name="giraffe.png" type2525b="a-u-G"/>
   <icon name="pig.png" type2525b="a-u-G"/>
   <icon name="goose2.png" type2525b="a-u-G"/>
   <icon name="chicken.png" type2525b="a-u-G"/>
   <icon name="bull2.png" type2525b="a-u-G"/>
   <icon name="butterfly.png" type2525b="a-u-G"/>
   <icon name="croc.png" type2525b="a-u-G"/>
   <icon name="bull.png" type2525b="a-u-G"/>
   <icon name="fly.png" type2525b="a-u-G"/>
   <icon name="cow4.png" type2525b="a-u-G"/>
   <icon name="elephant2.png" type2525b="a-u-G"/>
   <icon name="cow.png" type2525b="a-u-G"/>
   <icon name="deerlarge.png" type2525b="a-u-G"/>
   <icon name="donkey.png" type2525b="a-u-G"/>
   <icon name="duck2.png" type2525b="a-u-G"/>
   <icon name="duck.png" type2525b="a-u-G"/>
   <icon name="fox.png" type2525b="a-u-G"/>
   <icon name="lizard.png" type2525b="a-u-G"/>
   <icon name="tick.png" type2525b="a-u-G"/>
   <icon name="bird.png" type2525b="a-u-G"/>
   <icon name="cow3.png" type2525b="a-u-G"/>
   <icon name="cathedral2.png" type2525b="a-u-G-I"/>
   <icon name="pyramid2.png" type2525b="a-u-G-I"/>
   <icon name="tower2.png" type2525b="a-u-G-I"/>
   <icon name="bank.png" type2525b="a-u-G-I"/>
   <icon name="condo.png" type2525b="a-u-G-I"/>
   <icon name="brick.png" type2525b="a-u-G-I"/>
   <icon name="garage.png" type2525b="a-u-G-I"/>
   <icon name="highrises.png" type2525b="a-u-G-I"/>
   <icon name="firehydrant.png" type2525b="a-u-G-I"/>
   <icon name="monument.png" type2525b="a-u-G-I"/>
   <icon name="lighthouse.png" type2525b="a-u-G-I"/>
   <icon name="embassy.png" type2525b="a-u-G-I"/>
   <icon name="government.png" type2525b="a-u-G-I"/>
   <icon name="tower.png" type2525b="a-u-G-I"/>
   <icon name="farm.png" type2525b="a-u-G-I"/>
   <icon name="rowhouse.png" type2525b="a-u-G-I"/>
   <icon name="house2.png" type2525b="a-u-G-I"/>
   <icon name="un.png" type2525b="a-u-G-I"/>
   <icon name="buildings2.png" type2525b="a-u-G-I"/>
   <icon name="pyramid.png" type2525b="a-u-G-I"/>
   <icon name="buildings4.png" type2525b="a-u-G-I"/>
   <icon name="hotel.png" type2525b="a-u-G-I"/>
   <icon name="church2.png" type2525b="a-u-G-I"/>
   <icon name="cityline.png" type2525b="a-u-G-I"/>
   <icon name="skyscraper.png" type2525b="a-u-G-I"/>
   <icon name="ngo.png" type2525b="a-u-G-I"/>
   <icon name="apartments2.png" type2525b="a-u-G-I"/>
   <icon name="townhouse.png" type2525b="a-u-G-I"/>
   <icon name="tentlarge.png" type2525b="a-u-G-I"/>
   <icon name="house6.png" type2525b="a-u-G-I"/>
   <icon name="farm2.png" type2525b="a-u-G-I"/>
   <icon name="factory.png" type2525b="a-u-G-I"/>
   <icon name="university.png" type2525b="a-u-G-I"/>
   <icon name="shops.png" type2525b="a-u-G-I"/>
   <icon name="Mosque.png" type2525b="a-u-G-I"/>
   <icon name="chapel.png" type2525b="a-u-G-I"/>
   <icon name="house5.png" type2525b="a-u-G-I"/>
   <icon name="mission.png" type2525b="a-u-G-I"/>
   <icon name="fountain.png" type2525b="a-u-G-I"/>
   <icon name="church1.png" type2525b="a-u-G-I"/>
   <icon name="factory3.png" type2525b="a-u-G-I"/>
   <icon name="castle.png" type2525b="a-u-G-I"/>
   <icon name="cathedral.png" type2525b="a-u-G-I"/>
   <icon name="controltower.png" type2525b="a-u-G-I"/>
   <icon name="buildings3.png" type2525b="a-u-G-I"/>
   <icon name="parkingmeter.png" type2525b="a-u-G-I"/>
   <icon name="buildings5.png" type2525b="a-u-G-I"/>
   <icon name="buddhistTemple.png" type2525b="a-u-G-I"/>
   <icon name="capitol.png" type2525b="a-u-G-I"/>
   <icon name="Orthodox.png" type2525b="a-u-G-I"/>
   <icon name="firehouse.png" type2525b="a-u-G-I"/>
   <icon name="castle1.png" type2525b="a-u-G-I"/>
   <icon name="factory2.png" type2525b="a-u-G-I"/>
   <icon name="house3.png" type2525b="a-u-G-I"/>
   <icon name="house7.png" type2525b="a-u-G-I"/>
   <icon name="apartments.png" type2525b="a-u-G-I"/>
   <icon name="museum.png" type2525b="a-u-G-I"/>
   <icon name="crane.png" type2525b="a-u-G-I"/>
   <icon name="city.png" type2525b="a-u-G-I"/>
   <icon name="house4.png" type2525b="a-u-G-I"/>
   <icon name="house.png" type2525b="a-u-G-I"/>
   <icon name="office.png" type2525b="a-u-G-I"/>
   <icon name="hospital.png" type2525b="a-u-G-I"/>
   <icon name="ferriswheel.png" type2525b="a-u-G-I"/>
   <icon name="buildings.png" type2525b="a-u-G-I"/>
   <icon name="Warning.png" type2525b="a-u-G"/>
   <icon name="RedLight.png" type2525b="a-u-G"/>
   <icon name="RailRoadCrossing.png" type2525b="a-u-G"/>
   <icon name="Train5.png" type2525b="a-u-G-E-V"/>
   <icon name="YellowLight.png" type2525b="a-u-G"/>
   <icon name="Rocket1.png"/>
   <icon name="TourBus.png" type2525b="a-u-G-E-V"/>
   <icon name="jeep.png" type2525b="a-u-G-E-V"/>
   <icon name="Bus2.png" type2525b="a-u-G-E-V"/>
   <icon name="Truck.png" type2525b="a-u-G-E-V"/>
   <icon name="DirtBike.png" type2525b="a-u-G-E-V"/>
   <icon name="Metro.png" type2525b="a-u-G-E-V"/>
   <icon name="STOP.png" type2525b="a-u-G"/>
   <icon name="Sidecar.png" type2525b="a-u-G-E-V"/>
   <icon name="Plane4.png" type2525b="a-u-A-C-F"/>
   <icon name="Helicopter3.png" type2525b="a-u-A-C-H"/>
   <icon name="Rickshaw.png" type2525b="a-u-G"/>
   <icon name="DriveThru.png" type2525b="a-u-G"/>
   <icon name="Train3.png" type2525b="a-u-G-E-V"/>
   <icon name="Taxi.png" type2525b="a-u-G-E-V"/>
   <icon name="4x4.png" type2525b="a-u-G-E-V"/>
   <icon name="accident.png" type2525b="a-u-G"/>
   <icon name="DumpTruck2.png" type2525b="a-u-G-E-V"/>
   <icon name="Car6.png" type2525b="a-u-G-E-V"/>
   <icon name="Truck2.png" type2525b="a-u-G-E-V"/>
   <icon name="Underground.png" type2525b="a-u-G"/>
   <icon name="HorseTrailer.png" type2525b="a-u-G"/>
   <icon name="Gondola.png" type2525b="a-u-G"/>
   <icon name="OffRoadTruck.png" type2525b="a-u-G-E-V"/>
   <icon name="Locomotive.png" type2525b="a-u-G-E-V"/>
   <icon name="Sailboat.png" type2525b="a-u-G"/>
   <icon name="PlaneTicket.png" type2525b="a-u-G"/>
   <icon name="TractorTrailer.png" type2525b="a-u-G-E-V"/>
   <icon name="RailRoad.png" type2525b="a-u-G-E-V"/>
   <icon name="TunnelRoad.png" type2525b="a-u-G"/>
   <icon name="Plane6.png" type2525b="a-u-A-C-F"/>
   <icon name="RickShaw2.png" type2525b="a-u-G"/>
   <icon name="Car.png" type2525b="a-u-G-E-V"/>
   <icon name="Customs.png" type2525b="a-u-G"/>
   <icon name="SchoolBus2.png" type2525b="a-u-G-E-V"/>
   <icon name="FishingBoat.png" type2525b="a-u-G"/>
   <icon name="bridge3.png" type2525b="a-u-G"/>
   <icon name="Sailboat2.png" type2525b="a-u-G"/>
   <icon name="Route.png" type2525b="a-u-G"/>
   <icon name="Trailsign.png" type2525b="a-u-G"/>
   <icon name="CableCar.png" type2525b="a-u-G"/>
   <icon name="Car2.png" type2525b="a-u-G-E-V"/>
   <icon name="Bicycle.png" type2525b="a-u-G-E-V"/>
   <icon name="FireTruck.png" type2525b="a-u-G-E-V"/>
   <icon name="BusTicket.png" type2525b="a-u-G"/>
   <icon name="Van.png" type2525b="a-u-G-E-V"/>
   <icon name="GreenLight.png" type2525b="a-u-G"/>
   <icon name="Ship.png" type2525b="a-u-S"/>
   <icon name="RailTracks.png" type2525b="a-u-G"/>
   <icon name="SchoolBus.png" type2525b="a-u-G-E-V"/>
   <icon name="Bus3.png" type2525b="a-u-G-E-V"/>
   <icon name="Tram.png" type2525b="a-u-G-E-V"/>
   <icon name="Plane3.png" type2525b="a-u-A-C-F"/>
   <icon name="Segway2.png" type2525b="a-u-G-E-V"/>
   <icon name="biofuel.png" type2525b="a-u-G"/>
   <icon name="caution.png" type2525b="a-u-G"/>
   <icon name="Car3.png" type2525b="a-u-G-E-V"/>
   <icon name="Boat.png" type2525b="a-u-G"/>
   <icon name="Plane.png" type2525b="a-u-A-C-F"/>
   <icon name="Ambulance.png" type2525b="a-u-G-E-V"/>
   <icon name="ATV.png" type2525b="a-u-G-E-V"/>
   <icon name="Ship2.png" type2525b="a-u-S"/>
   <icon name="MountainLift.png" type2525b="a-u-G"/>
   <icon name="CargoPort.png" type2525b="a-u-G"/>
   <icon name="Snowmobile.png" type2525b="a-u-G-E-V"/>
   <icon name="RallyPoint.png" type2525b="a-u-G"/>
   <icon name="Plane7.png" type2525b="a-u-A-C-F"/>
   <icon name="Incline.png" type2525b="a-u-G"/>
   <icon name="Segway.png" type2525b="a-u-G-E-V"/>
   <icon name="Train6.png" type2525b="a-u-G-E-V"/>
   <icon name="Plane9.png" type2525b="a-u-A-C-F"/>
   <icon name="OffRoading.png" type2525b="a-u-G-E-V"/>
   <icon name="Forklift.png" type2525b="a-u-G"/>
   <icon name="Helicopter.png" type2525b="a-u-A-C-H"/>
   <icon name="Schooner.png" type2525b="a-u-G"/>
   <icon name="Bike.png" type2525b="a-u-G-E-V"/>
   <icon name="Sailboat3.png" type2525b="a-u-G"/>
   <icon name="Tunnel.png" type2525b="a-u-G-E-V"/>
   <icon name="Blimp2.png" type2525b="a-u-A-C-L"/>
   <icon name="Train.png" type2525b="a-u-G-E-V"/>
   <icon name="Yacht.png" type2525b="a-u-S"/>
   <icon name="Van2.png" type2525b="a-u-G-E-V"/>
   <icon name="Train2.png" type2525b="a-u-G-E-V"/>
   <icon name="Truck3.png" type2525b="a-u-G-E-V"/>
   <icon name="Motorcycle.png" type2525b="a-u-G-E-V"/>
   <icon name="Train4.png" type2525b="a-u-G-E-V"/>
   <icon name="Trolly.png" type2525b="a-u-G-E-V"/>
   <icon name="Humbee.png" type2525b="a-u-G"/>
   <icon name="RailCar.png" type2525b="a-u-G-E-V"/>
   <icon name="Car8.png" type2525b="a-u-G-E-V"/>
   <icon name="Ship4.png" type2525b="a-u-S"/>
   <icon name="Car4.png" type2525b="a-u-G-E-V"/>
   <icon name="ATV2.png" type2525b="a-u-G-E-V"/>
   <icon name="curves.png" type2525b="a-u-G"/>
   <icon name="Bridge2.png" type2525b="a-u-G"/>
   <icon name="Car5.png" type2525b="a-u-G-E-V"/>
   <icon name="Blimp.png" type2525b="a-u-A-C-L"/>
   <icon name="Van3.png" type2525b="a-u-G-E-V"/>
   <icon name="LogTruck.png" type2525b="a-u-G-E-V"/>
   <icon name="DumpTruck.png" type2525b="a-u-G-E-V"/>
   <icon name="SpaceShuttle.png" type2525b="a-u-G"/>
   <icon name="HelicopterPad.png" type2525b="a-u-G"/>
   <icon name="Car7.png" type2525b="a-u-G-E-V"/>
   <icon name="PickupTruck.png" type2525b="a-u-G-E-V"/>
   <icon name="TowTruck.png" type2525b="a-u-G-E-V"/>
   <icon name="bridge4.png" type2525b="a-u-G"/>
   <icon name="Flag.png" type2525b="a-u-G"/>
   <icon name="Helicopter2.png" type2525b="a-u-A-C-H"/>
   <icon name="Plane5.png" type2525b="a-u-A-C-F"/>
   <icon name="Underground2.png" type2525b="a-u-G"/>
   <icon name="Bridge.png" type2525b="a-u-G"/>
   <icon name="Highway.png" type2525b="a-u-G"/>
   <icon name="Gondola3.png" type2525b="a-u-G"/>
   <icon name="Plane2.png" type2525b="a-u-A-C-F"/>
   <icon name="Semi2.png" type2525b="a-u-G-E-V"/>
   <icon name="TrainTicket.png" type2525b="a-u-G"/>
   <icon name="Flatbed.png" type2525b="a-u-G-E-V"/>
   <icon name="Truck5.png" type2525b="a-u-G-E-V"/>
   <icon name="Plane8.png" type2525b="a-u-A-C-F"/>
   <icon name="Car_Incline.png" type2525b="a-u-G"/>
   <icon name="Trailsign2.png" type2525b="a-u-G"/>
   <icon name="TunnelTrain.png" type2525b="a-u-G"/>
   <icon name="Car9.png" type2525b="a-u-G-E-V"/>
   <icon name="CargoShip.png" type2525b="a-u-G"/>
   <icon name="DoNotEnter.png" type2525b="a-u-G"/>
   <icon name="Ship3.png" type2525b="a-u-S"/>
   <icon name="Speed_Train.png" type2525b="a-u-G-E-V"/>
   <icon name="Interstate.png" type2525b="a-u-G"/>
   <icon name="CarRack.png" type2525b="a-u-G"/>
   <icon name="Helicopter4.png" type2525b="a-u-A-C-H"/>
   <icon name="Taxi2.png" type2525b="a-u-G-E-V"/>
   <icon name="baybridge.png" type2525b="a-u-G"/>
   <icon name="Semi.png" type2525b="a-u-G-E-V"/>
   <icon name="FarmTractor.png" type2525b="a-u-G-E-V"/>
   <icon name="BikeLane.png" type2525b="a-u-G"/>
   <icon name="Truck4.png" type2525b="a-u-G-E-V"/>
   <icon name="Moped.png" type2525b="a-u-G-E-V"/>
   <icon name="GasPump.png" type2525b="a-u-G"/>
   <icon name="Bus.png" type2525b="a-u-G-E-V"/>
   <icon name="HotAirBalloon.png" type2525b="a-u-A-C-L"/>
   <icon name="Exit.png" type2525b="a-u-G"/>
   <icon name="Fuel.png" type2525b="a-u-G"/>
   <icon name="femalecrime.png" type2525b="a-u-G"/>
   <icon name="crimescene.png" type2525b="a-u-G"/>
   <icon name="CrossCountrySki.png" type2525b="a-u-G"/>
   <icon name="thief.png" type2525b="a-u-G"/>
   <icon name="delivery.png" type2525b="a-u-G"/>
   <icon name="Beggar.png" type2525b="a-u-G"/>
   <icon name="BikeRacer.png" type2525b="a-u-G"/>
   <icon name="fall.png" type2525b="a-u-G"/>
   <icon name="FreestyleSkiing.png" type2525b="a-u-G"/>
   <icon name="skydive.png" type2525b="a-u-G"/>
   <icon name="BikeAccident.png" type2525b="a-u-G"/>
   <icon name="riot.png" type2525b="a-u-G"/>
   <icon name="robber.png" type2525b="a-u-G"/>
   <icon name="construction.png" type2525b="a-u-G"/>
   <icon name="downhillski.png" type2525b="a-u-G"/>
   <icon name="trash.png" type2525b="a-u-G"/>
   <icon name="Protesters.png" type2525b="a-u-G"/>
   <icon name="Woman.png" type2525b="a-u-G"/>
   <icon name="suspect.png" type2525b="a-u-G"/>
   <icon name="SnowShoe.png" type2525b="a-u-G"/>
   <icon name="restroom.png" type2525b="a-u-G"/>
   <icon name="CrossingGuard.png" type2525b="a-u-G"/>
   <icon name="body.png" type2525b="a-u-G"/>
   <icon name="Police2.png" type2525b="a-u-G"/>
   <icon name="trip.png" type2525b="a-u-G"/>
   <icon name="Astronaut.png" type2525b="a-u-G"/>
   <icon name="ice.png" type2525b="a-u-G"/>
   <icon name="picket.png" type2525b="a-u-G"/>
   <icon name="Fireman.png" type2525b="a-u-G"/>
   <icon name="Handicap.png" type2525b="a-u-G"/>
   <icon name="slip.png" type2525b="a-u-G"/>
   <icon name="skijump.png" type2525b="a-u-G"/>
   <icon name="Luge.png" type2525b="a-u-G"/>
   <icon name="Police.png" type2525b="a-u-G"/>
   <icon name="crosswalk.png" type2525b="a-u-G"/>
   <icon name="criminal.png" type2525b="a-u-G"/>
   <icon name="Bicyclist.png" type2525b="a-u-G"/>
   <icon name="walk.png" type2525b="a-u-G"/>
   <icon name="Man.png" type2525b="a-u-G"/>
   <icon name="SkiRacing.png" type2525b="a-u-G"/>
   <icon name="freefall.png" type2525b="a-u-G"/>
   <icon name="businessman.png" type2525b="a-u-G"/>
   <icon name="Snow.png" type2525b="a-u-G"/>
   <icon name="sun.png" type2525b="a-u-G"/>
   <icon name="Icing.png" type2525b="a-u-G"/>
   <icon name="Snowflake.png" type2525b="a-u-G"/>
   <icon name="Rain.png" type2525b="a-u-G"/>
</iconset>