<iconset version="4" name="Responder Icons" defaultGroup="Access Hazards" skipResize="false" uid="de450cbf-2ffc-47fb-bd2b-ba2db89b035e">
   <icon name="HazMat-Placarding--Class-6-Poisons.png"/>
   <icon name="HazMat-Placarding--Class-4-Flammable-Solids.png"/>
   <icon name="HazMat-Placarding--Class-2-Non-Flammable-Gas-2.2.png"/>
   <icon name="HazMat-Placarding--Class-4-Spontaneously-Combustible.png"/>
   <icon name="HazMat-Placarding--Class-1-Explosives-1.2.png"/>
   <icon name="HazMat-Placarding--Class-1-Explosives-1.1.png"/>
   <icon name="HazMat-Placarding--Class-9.png"/>
   <icon name="HazMat-Placarding--Class-Other-DANGEROUS.png"/>
   <icon name="HazMat-Placarding--Class-Other-Store-Away-From-Food.png"/>
   <icon name="HazMat-Placarding--Class-1-Explosives-1.6.png"/>
   <icon name="HazMat-Placarding--Class-Other-V3.png"/>
   <icon name="HazMat-Placarding--Class-2-Flammable-Gas-2.1.png"/>
   <icon name="HazMat-Placarding--Class-6-Toxic.png"/>
   <icon name="HazMat-Placarding--Class-2-Flammable-Liquid.png"/>
   <icon name="HazMat-Placarding--Class-8-Acids.png"/>
   <icon name="HazMat-Placarding--Class-6-Inhalation-Hazards.png"/>
   <icon name="HazMat-Placarding--Class-3-Fuel-Oil.png"/>
   <icon name="HazMat-Placarding--Class-5-Organic-Peroxides-5.2.png"/>
   <icon name="HazMat-Placarding--Class-6-Infectious.png"/>
   <icon name="HazMat-Placarding--Class-3-Gasoline.png"/>
   <icon name="HazMat-Placarding--Class-Other-V2.png"/>
   <icon name="HazMat-Placarding--Class-1-Explosives-1.4.png"/>
   <icon name="HazMat-Placarding--Class-5-Organic-Peroxides-5.1.png"/>
   <icon name="HazMat-Placarding--Class-6-Poison-Gas.png"/>
   <icon name="HazMat-Placarding--Class-8-Corrosive.png"/>
   <icon name="HazMat-Placarding--Class-Other-HOT.png"/>
   <icon name="HazMat-Placarding--Class-1-Explosives.png"/>
   <icon name="HazMat-Placarding--Class-1-Explosives-1.5.png"/>
   <icon name="HazMat-Placarding--Class-5-Oxidizers-5.1.png"/>
   <icon name="HazMat-Placarding--Class-3-Flammable.png"/>
   <icon name="HazMat-Placarding--Class-1-Explosives-1.3.png"/>
   <icon name="HazMat-NFPA74_Blank Placard.png"/>
   <icon name="HazMat-Placarding--Class-4-Dangerous-When-Wet.png"/>
   <icon name="HazMat-Placarding--Class-2-Flammable-Gas.png"/>
   <icon name="HazMat-Placarding--Class-6-Toxic-Gas.png"/>
   <icon name="HazMat-Placarding--Class-3-Combustible.png"/>
   <icon name="HazMat-Placarding--Class-1-Blasting-Agent-1.5.png"/>
   <icon name="HazMat-Placarding--Class-7-Radioactive.png"/>
   <icon name="HazMat-Placarding--Class-2-Oxygen-2.2.png"/>
   <icon name="HazMat-Placarding--Class-Other.png"/>
   <icon name="HazMat-Placarding--Class-2-Inhalation-Hazards-2.3.png"/>
   <icon name="HazMat-Placarding--Class-8-Alkaline.png"/>
   <icon name="HazMat-Placarding--Class-2-Chlorine.png"/>
   <icon name="HazMat-Placarding--Class-2-Flammable-Solid.png"/>
   <icon name="Hazard--Tornado.png"/>
   <icon name="Hazard--Hurricane.png"/>
   <icon name="Hazard--Earthquake.png"/>
   <icon name="Hazard--Tsunami.png"/>
   <icon name="Hazard--Flood.png"/>
   <icon name="Hazard--Other.png"/>
   <icon name="Hazard--Mine-Collapse.png"/>
   <icon name="Hazard--Wind-Storm.png"/>
   <icon name="Hazard--Volcano.png"/>
   <icon name="Hazard--Landslide.png"/>
   <icon name="Hazard--Avalanche.png"/>
   <icon name="Hazard--Snow-Event.png"/>
   <icon name="Hazard--Severe-Weather.png"/>
   <icon name="Railroad-Bridges.png"/>
   <icon name="Ferry-Locations.png"/>
   <icon name="NBI-Bridge.png"/>
   <icon name="Bus-Station.png"/>
   <icon name="Major-US-Port-Facilities.png"/>
   <icon name="Amtrak-Bus-Station.png"/>
   <icon name="Intermodal-Terminal-Facilities.png"/>
   <icon name="Railroad-Yard.png"/>
   <icon name="Railroad-Junction.png"/>
   <icon name="COMMUTER-RAIL-SYSTEMS.png"/>
   <icon name="Amtrak-Train.png"/>
   <icon name="Fixed-Guideway-Transit-Stations.png"/>
   <icon name="Road-and-Railroad-Tunnels.png"/>
   <icon name="LINE-HAUL-RAILROADS.png"/>
   <icon name="Hazard--Fire--Hazardous-Entry-Violent.png"/>
   <icon name="Hazard--Fire--Powerline-Above.png"/>
   <icon name="Hazard--Fire--Hazardous-Entry.png"/>
   <icon name="Hazard--Fire--Poison.png"/>
   <icon name="Hazard--Fire--Slip-Hazards.png"/>
   <icon name="Hazard--Fire--Evaucation-Hazards.png"/>
   <icon name="Hazard--Fire--Soft-Soil.png"/>
   <icon name="HazMat-Tank-Horizontal.png"/>
   <icon name="Hazard--Fire--General-Hazards.png"/>
   <icon name="Hazard--Fire--Truss-Metal.png"/>
   <icon name="Hazard--Fire--Close-Exposure.png"/>
   <icon name="Hazard--Fire--Truss-General.png"/>
   <icon name="Hazard--Fire--High-Occupancy-Load.png"/>
   <icon name="Hazard--Fire--Collapse-Likely.png"/>
   <icon name="Hazard--Fire--No-Water-Supply.png"/>
   <icon name="Hazard--Fire--Lightweight-Roof.png"/>
   <icon name="Hazard--Fire--Confined-Space.png"/>
   <icon name="Hazard--Fire--Truss-Wood.png"/>
   <icon name="Hazard--Fire--Biohazard.png"/>
   <icon name="Hazard--Fire--DO-NOT-USE-Water.png"/>
   <icon name="Hazard--Fire--Aerial-Hazard.png"/>
   <icon name="Hazard--Fire--Bowstrin-Truss.png"/>
   <icon name="Hazard--Fire--Hazardous-Shaft.png"/>
   <icon name="Hazard--Fire--Not-Occupied-or-Abandoned.png"/>
   <icon name="Hazard--Fire--High-Pile-Storage.png"/>
   <icon name="Hazard--Fire--Saferty-Zone--Gun-Cover.png"/>
   <icon name="Hazard--Fire--Common-Attic.png"/>
   <icon name="Hazard--Fire--Building-Over-Nextto-Water.png"/>
   <icon name="Hazard--Fire--Electical-Hazards.png"/>
   <icon name="Hazard--Fire--ManTrap-or-Entrapment.png"/>
   <icon name="Hazard--Fire--DO-NOT-ENTER-Building.png"/>
   <icon name="Hazard--Fire--Radioactive.png"/>
   <icon name="Hazard--Fire--No-Roof-Operations.png"/>
   <icon name="Hazard--Fire--Truss-Wood-I-Beam.png"/>
   <icon name="HazMat-Tank-Underground.png"/>
   <icon name="Hazard--Fire--Lightweight-Floor.png"/>
   <icon name="Hazard--Fire--Hazardous-Voids.png"/>
   <icon name="Hazard--Fire--Magnetic-Hazards.png"/>
   <icon name="Hazard--Fire--High-Fire-Load.png"/>
   <icon name="Hazard--Fire--Fall-Hazards.png"/>
   <icon name="HazMat-Tank-Vertical.png"/>
   <icon name="Hazard--Fire--Poor-or-No-Radio-Reception.png"/>
   <icon name="ESF1-Animal-Health--Large-Animal-Transport-Team.png"/>
   <icon name="ESF3-EMS_Ambulance-Ground.png"/>
   <icon name="ESF7-Public-Works--Road-Sweeper.png"/>
   <icon name="ESF9-SAR--Structural-Collapse-Search-Team.png"/>
   <icon name="ESF3-EMS_Critical-Tranportaton-Multple-Patient.png"/>
   <icon name="ESF7-Public-Works--Snow-Blower--Front-Loader.png"/>
   <icon name="ESF9-SAR--Air-Search-Team-(Fixed-Wing).png"/>
   <icon name="ESF4-FIRE-HAZMAT_Fuel-Tender.png"/>
   <icon name="ESF13-LAW--Mobile-Field-Force-Law-Enforcement-Crowd-Control-Teams.png"/>
   <icon name="ESF7-Public-Works--Hydraulic-Crane.png"/>
   <icon name="ESF9-SAR--USAR-Incident-Support-Team.png"/>
   <icon name="ESF1-Animal-Health--Large-Animal-Sheltering-Team.png"/>
   <icon name="ESF4-FIRE-HAZMAT_Mobile-Communication-Unit.png"/>
   <icon name="ESF1-Animal-Health--Small-Animal-Rescue-Team.png"/>
   <icon name="ESF13-LAW--Law-Enforcement-Patrol.png"/>
   <icon name="ESF7-Public-Works--Snow-Plow--Loader-Mounted.png"/>
   <icon name="ESF4-FIRE-HAZMAT_Strike-Team-Engine.png"/>
   <icon name="ESF9-SAR--Urban-SAR-Task-Force.png"/>
   <icon name="ESF3-EMS_Ambulance-Air.png"/>
   <icon name="ESF2-IMT--Evacuation-Coordination-Team.png"/>
   <icon name="ESF7-Public-Works--Damage-Assessment.png"/>
   <icon name="ESF9-SAR--Radio-Direction-Finding-Team.png"/>
   <icon name="ESF1-Animal-Health--Small-Animal-Sheltering-Team.png"/>
   <icon name="ESF7-Public-Works--Snow-Plow.png"/>
   <icon name="ESF7-Public-Works--Crane-Lattice.png"/>
   <icon name="ESF13-LAW--Law-Enforcement-Patrol-Strike-Team.png"/>
   <icon name="ESF7-Public-Works--Loader.png"/>
   <icon name="ESF7-Public-Works--Loader-Tracked.png"/>
   <icon name="ESF4-FIRE-HAZMAT_Fire-Boat.png"/>
   <icon name="ESF7-Public-Works--Snow-Blower--Truck.png"/>
   <icon name="ESF4-FIRE-HAZMAT_Helitanker.png"/>
   <icon name="ESF2-IMT--Mobile-Emergency-Operations-Center.png"/>
   <icon name="ESF2-IMT--Volunteer-Liason-Team.png"/>
   <icon name="ESF1-Animal-Health--Incident-Management-Team.png"/>
   <icon name="ESF4-FIRE-HAZMAT_ARFF.png"/>
   <icon name="ESF4-FIRE-HAZMAT_Hand-Crew.png"/>
   <icon name="ESF2-IMT--Incident-Management-Team.png"/>
   <icon name="ESF9-SAR--Wilderness-SAR-Team.png"/>
   <icon name="ESF4-FIRE-HAZMAT_Engine-Pumper.png"/>
   <icon name="ESF9-SAR--Airborne-Reconnaissance-Fixed-Wing.png"/>
   <icon name="ESF4-FIRE-HAZMAT_Strike-Team-US-Coast-Guard.png"/>
   <icon name="ESF9-SAR--Cave-SAR-Team.png"/>
   <icon name="ESF4-FIRE-HAZMAT_Rescue.png"/>
   <icon name="ESF9-SAR--Swiftwater-Flood-SAR-Team.png"/>
   <icon name="ESF1-Animal-Health--Large-Animal-Rescue-Team.png"/>
   <icon name="ESF7-Public-Works--Scraper.png"/>
   <icon name="ESF4-FIRE-HAZMAT_Water-Tender-Tanker.png"/>
   <icon name="ESF4-FIRE-HAZMAT_Strike-Team-Aerial-Ladder.png"/>
   <icon name="ESF9-SAR--Structural-Collapse-Rescue-Team.png"/>
   <icon name="ESF4-FIRE-HAZMAT_Strike-Team-Brush-Truck.png"/>
   <icon name="ESF4-FIRE-HAZMAT_HazMat.png"/>
   <icon name="ESF4-FIRE-HAZMAT_Brush.png"/>
   <icon name="ESF2-IMT--CAP.png"/>
   <icon name="ESF2-IMT--Disaster-ASsessment.png"/>
   <icon name="ESF4-FIRE-HAZMAT_Crew-Transport.png"/>
   <icon name="ESF3-EMS_MCI-Support-Vehicle.png"/>
   <icon name="ESF9-SAR--Mountain-SAR-Team.png"/>
   <icon name="ESF13-LAW--Helicopter.png"/>
   <icon name="ESF2-IMT--Mobile-Kitchen.png"/>
   <icon name="ESF7-Public-Works--Bulldozer.png"/>
   <icon name="ESF7-Public-Works--Front-Excavator.png"/>
   <icon name="ESF9-SAR--Mine-and-Tunnel-SAR-Team.png"/>
   <icon name="ESF13-LAW--Fixed-Wing-Recon.png"/>
   <icon name="ESF4-FIRE-HAZMAT_Command.png"/>
   <icon name="ESF3-EMS_Ambulance-Fixed-Wing-Air.png"/>
   <icon name="ESF4-FIRE-HAZMAT_Foam-Tender.png"/>
   <icon name="ESF7-Public-Works--Tug-Boat.png"/>
   <icon name="ESF7-Public-Works--Dump-Truck.png"/>
   <icon name="ESF13-LAW--Public-Safety-Dive-Team.png"/>
   <icon name="ESF7-Public-Works--Wheel-Loader--Backhoe.png"/>
   <icon name="ESF13-LAW--Bomb-Squad.png"/>
   <icon name="ESF7-Public-Works--Snow-Cat.png"/>
   <icon name="ESF2-IMT--Area-Command.png"/>
   <icon name="ESF7-Public-Works--Grader.png"/>
   <icon name="ESF13-LAW--SWAT.png"/>
   <icon name="ESF4-FIRE-HAZMAT_Helicopter.png"/>
   <icon name="ESF3-EMS_Strike-Team--Ambulance.png"/>
   <icon name="ESF7-Public-Works--Bus.png"/>
   <icon name="ESF9-SAR--Canine-SAR-Team.png"/>
   <icon name="INCDNT_RESRCE_WHITE-_SOLID-__GENRIC_ESF12-Public-Health.png"/>
   <icon name="ESF1-Animal-Health--Small-Animal-Transport-Team.png"/>
   <icon name="ESF4-FIRE-HAZMAT_Aerial-Apparatus-Ladder.png"/>
   <icon name="ESF2-IMT--Critical-Incident-Stress-Management.png"/>
   <icon name="Emergency-Personel-Access-PW-Access.png"/>
   <icon name="Hazard--ACCESS--NO-Ladder-Truck-or-Semi-Truck-Access.png"/>
   <icon name="Hazard--ACCESS--Clearance--Narrow-No-Access.png"/>
   <icon name="Emergency-Access-Walking-Access-Only.png"/>
   <icon name="Emergency-Access-Pumper-Access.png"/>
   <icon name="Hazard--ACCESS--Turnarounds.png"/>
   <icon name="Hazard--ACCESS--Steep-Access-General.png"/>
   <icon name="Emergency-Personel-Access-PD-Access.png"/>
   <icon name="Emergency-Access-Ambulance-Access.png"/>
   <icon name="Hazard--ACCESS--NO-Turnaround-Ambulance.png"/>
   <icon name="Emergency-Personel-Access-Trail-Access.png"/>
   <icon name="Hazard--ACCESS--Apparatus-Fire-Engine.png"/>
   <icon name="Hazard--ACCESS--BLOCKED-No-Access.png"/>
   <icon name="Emergency-Access-Water-Access.png"/>
   <icon name="Hazard--ACCESS--Apparatus-No-Fire-Engine.png"/>
   <icon name="Hazard--ACCESS--Steep-Access-Difficult.png"/>
   <icon name="Hazard--ACCESS--Clearance--Narrow-No-Access-Fire-Engine.png"/>
   <icon name="Emergency-Access-Ladder-Truck-Access.png"/>
   <icon name="Hazard--ACCESS--Traffic-Calming-Humps.png"/>
   <icon name="Emergency-Personel-Access-Fire-Department-Access.png"/>
   <icon name="Hazard--ACCESS--BRIDGE-Do-Not-Cross.png"/>
   <icon name="Hazard--ACCESS--NO-Turnaround-Vehicle-General.png"/>
   <icon name="Emergency-Access-Small-Vehicle.png"/>
   <icon name="Hazard--ACCESS--Steep-Access-Moderate.png"/>
   <icon name="Hazard--ACCESS--NO-Vertical-Ladder-Access.png"/>
   <icon name="Hazard--ACCESS--Traffic-Calming-Bumps.png"/>
   <icon name="Hazard--ACCESS--NO-Turnaround-Ladder-Truck-or-Semi-Truck.png"/>
   <icon name="Hazard--ACCESS--Steep-Access-Vehicle-General.png"/>
   <icon name="Hazard--ACCESS--Clearance--Low-Height.png"/>
   <icon name="Hazard--ACCESS--Clearance--Low-Height-No-Access-Fire-Engine.png"/>
   <icon name="Hazard--ACCESS--NO-Turnaround.png"/>
   <icon name="Hazard--ACCESS--Apparatus-Ambulance.png"/>
   <icon name="Hazard--ACCESS--BLOCKED-Road.png"/>
   <icon name="Hazard--ACCESS--Turnarounds-Freeway.png"/>
   <icon name="Hazard--ACCESS--Vertical-Ladder-Access.png"/>
   <icon name="Hazard--ACCESS--Clearance--Low-Height-No-Access.png"/>
   <icon name="Hazard--ACCESS--Clearance--Narrow.png"/>
   <icon name="Hazard--ACCESS--Steep-Access-Easy.png"/>
   <icon name="Hazard--ACCESS--Traffic-Calming-Traffic-Circles.png"/>
   <icon name="Hazard--ACCESS--Steep-Access-Extreme.png"/>
   <icon name="Emergency-Access-Tram-or-Vertical-Lift.png"/>
   <icon name="Vehicle-Parking.png"/>
   <icon name="Hazard--ACCESS--Poor-Access-Vehicle-General.png"/>
   <icon name="Hazard--ACCESS--NO-Turnaround-Fire-Engine.png"/>
   <icon name="Hazard--ACCESS--Road-Access-Vehicle-General.png"/>
   <icon name="Hazard--ACCESS--Restricted-Weight.png"/>
   <icon name="Hazard--ACCESS--NO-Vehicle-Access.png"/>
   <icon name="Hazard--ACCESS--Turnarounds-Roadway.png"/>
   <icon name="Special-Weather-Warning.png"/>
   <icon name="911-Telephone-Outage-Emergency-Warning.png"/>
   <icon name="Dust-Storm-Warning.png"/>
   <icon name="High-Wind-Warning.png"/>
   <icon name="Severe-Thunderstorm-Watch.png"/>
   <icon name="Tornado-Warning.png"/>
   <icon name="Hurricane-Warning.png"/>
   <icon name="Hurricane-Watch.png"/>
   <icon name="Flood-Warning.png"/>
   <icon name="Avalanche-Warning.png"/>
   <icon name="Coastal-Flood-Watch.png"/>
   <icon name="Emergency-Action-Notification-National-Warning.png"/>
   <icon name="Hurricane-Statement.png"/>
   <icon name="Severe-Thunderstorm-Warning.png"/>
   <icon name="Flood-Watch.png"/>
   <icon name="High-Wind-Watch.png"/>
   <icon name="Avalanche-Watch.png"/>
   <icon name="Blue-Alert-Statement.png"/>
   <icon name="Storm-Surge-Watch.png"/>
   <icon name="Shelter-In-Place-Warning.png"/>
   <icon name="Radiological-Hazard-Warning.png"/>
   <icon name="Coastal-Flood-Warning.png"/>
   <icon name="Storm-Surge-Warning.png"/>
   <icon name="Evacuate-Immediately-Warning.png"/>
   <icon name="Flash-Flood-Watch.png"/>
   <icon name="Special-Weather-Statement.png"/>
   <icon name="Winter-Storm-Watch.png"/>
   <icon name="Tsunami-Warning.png"/>
   <icon name="Extreme-Wind-Warning.png"/>
   <icon name="Nuclear-Powerplant-Warning.png"/>
   <icon name="Local-Area-Emergency-Warning.png"/>
   <icon name="Blizzard-Warning.png"/>
   <icon name="Tropical-Storm-Watch.png"/>
   <icon name="Earthquake-Warning.png"/>
   <icon name="Child-Abduction-Emergency-Statement.png"/>
   <icon name="Law-Enforcement-Warning.png"/>
   <icon name="Civil-Danger-Warning.png"/>
   <icon name="Winter-Storm-Warning.png"/>
   <icon name="Severe-Weather-Statement.png"/>
   <icon name="Tropical-Storm-Warning.png"/>
   <icon name="Flash-Flood-Warning.png"/>
   <icon name="Tsunami-Watch.png"/>
   <icon name="Flood-Statement.png"/>
   <icon name="Hazardous-Materials-Warning.png"/>
   <icon name="Flash-Flood-Statement.png"/>
   <icon name="Fire-Warning.png"/>
   <icon name="Tornado-Watch.png"/>
   <icon name="Volcano-Warning.png"/>
   <icon name="Civil-Emergency-Message-Warning.png"/>
   <icon name="Earthquake-Statement.png"/>
   <icon name="Special-Marine-Warning.png"/>
   <icon name="Hazard--Fire-House.png"/>
   <icon name="Hazard--Radiological-General.png"/>
   <icon name="Hazard--Fire-School.png"/>
   <icon name="Hazard--Train-Derail.png"/>
   <icon name="Hazard--HazMat-Release.png"/>
   <icon name="Hazard--Plane-Crash.png"/>
   <icon name="Hazard--Fire-Forest.png"/>
   <icon name="Hazard--Radiological-Nuclear-Power.png"/>
   <icon name="Hazard--Fire-Commercial.png"/>
   <icon name="Hazard--Structural-Collapse.png"/>
   <icon name="Hazard--Fire-Other.png"/>
   <icon name="Hazard--Fire-Industrial.png"/>
   <icon name="Hazard--Explosion.png"/>
   <icon name="health-and-medical_medical-supply-chain-with-label-clr.png"/>
   <icon name="health-and-medical_patient-movement-gray-halo.png"/>
   <icon name="communications-icon-only-red-halo.png"/>
   <icon name="energy-power-fuel_fuel-yellow-halo.png"/>
   <icon name="food-water-shelter-with-label-yellow-halo.png"/>
   <icon name="hazmat-with-label-no-halo.png"/>
   <icon name="transportation_mass-transit.png"/>
   <icon name="hazmat_hazmat-pollutants-contaminants-gray-halo.png"/>
   <icon name="food-water-shelter_water.png"/>
   <icon name="food-water-shelter_agriculture-red-halo.png"/>
   <icon name="energy-power-fuel_fuel.png"/>
   <icon name="safety-and-security_community-safety-with-label-clr.png"/>
   <icon name="health-and-medical-icon-only-yellow-halo.png"/>
   <icon name="transportation-icon-only-red-halo.png"/>
   <icon name="energy-power-fuel-icon-only-amber-halo.png"/>
   <icon name="safety-and-security-icon-only-red-halo.png"/>
   <icon name="food-water-shelter-with-label-gray-halo.png"/>
   <icon name="energy-power-fuel-icon-only-gray-halo.png"/>
   <icon name="transportation-icon-only-no-halo.png"/>
   <icon name="health-and-medical-with-label-yellow-halo.png"/>
   <icon name="transportation_mass-transit-yellow-halo.png"/>
   <icon name="food-water-shelter_food.png"/>
   <icon name="food-water-shelter-with-label-no-halo.png"/>
   <icon name="communications-icon-only-yellow-halo.png"/>
   <icon name="transportation_railway-gray-halo.png"/>
   <icon name="transportation_maritime.png"/>
   <icon name="hazmat_hazmat-pollutants-contaminants-green-halo.png"/>
   <icon name="safety-and-security-with-label-no-halo.png"/>
   <icon name="safety-and-security_law-enforcement-security-red-halo.png"/>
   <icon name="transportation-with-label-red-halo.png"/>
   <icon name="safety-and-security-icon-only-no-halo.png"/>
   <icon name="energy-power-fuel_power-with-label-clr.png"/>
   <icon name="health-and-medical_fatality-management-green-halo.png"/>
   <icon name="energy-power-fuel_power-green-halo.png"/>
   <icon name="hazmat-icon-only-amber-halo.png"/>
   <icon name="health-and-medical_patient-movement.png"/>
   <icon name="transportation_aviation-yellow-halo.png"/>
   <icon name="food-water-shelter_food-with-label-clr.png"/>
   <icon name="health-and-medical_fatality-management-gray-halo.png"/>
   <icon name="health-and-medical-with-label-no-halo.png"/>
   <icon name="communications_911-dispatch-with-label-clr.png"/>
   <icon name="communications-with-label-yellow-halo.png"/>
   <icon name="transportation-with-label-amber-halo.png"/>
   <icon name="communications_alerts-warnings-messages-green-halo.png"/>
   <icon name="health-and-medical_medical-care-red-halo.png"/>
   <icon name="health-and-medical-icon-only-amber-halo.png"/>
   <icon name="transportation_maritime-with-label-clr.png"/>
   <icon name="communications_911-dispatch-green-halo.png"/>
   <icon name="energy-power-fuel-icon-only-yellow-halo.png"/>
   <icon name="health-and-medical-with-label-red-halo.png"/>
   <icon name="food-water-shelter_shelter.png"/>
   <icon name="transportation_railway.png"/>
   <icon name="food-water-shelter-with-label-amber-halo.png"/>
   <icon name="communications_alerts-warnings-messages-yellow-halo.png"/>
   <icon name="hazmat-icon-only-no-halo.png"/>
   <icon name="communications-with-label-amber-halo.png"/>
   <icon name="energy-power-fuel_power.png"/>
   <icon name="communications-icon-only-green-halo.png"/>
   <icon name="transportation-with-label-yellow-halo.png"/>
   <icon name="health-and-medical_medical-care-green-halo.png"/>
   <icon name="food-water-shelter-with-label-green-halo.png"/>
   <icon name="energy-power-fuel-with-label-amber-halo.png"/>
   <icon name="transportation_aviation.png"/>
   <icon name="health-and-medical_medical-supply-chain-gray-halo.png"/>
   <icon name="transportation-with-label-no-halo.png"/>
   <icon name="communications_infrastructure-red-halo.png"/>
   <icon name="safety-and-security-with-label-red-halo.png"/>
   <icon name="food-water-shelter-icon-only-red-halo.png"/>
   <icon name="health-and-medical_medical-supply-chain.png"/>
   <icon name="communications_911-dispatch-yellow-halo.png"/>
   <icon name="health-and-medical_public-health-red-halo.png"/>
   <icon name="transportation_maritime-green-halo.png"/>
   <icon name="communications_alerts-warnings-messages-with-label-clr.png"/>
   <icon name="energy-power-fuel-with-label-gray-halo.png"/>
   <icon name="transportation-with-label-gray-halo.png"/>
   <icon name="hazmat_facilities-green-halo.png"/>
   <icon name="communications_financial-services-yellow-halo.png"/>
   <icon name="health-and-medical_medical-supply-chain-yellow-halo.png"/>
   <icon name="communications_responder-communications.png"/>
   <icon name="food-water-shelter_food-gray-halo.png"/>
   <icon name="safety-and-security_fire-services-yellow-halo.png"/>
   <icon name="safety-and-security_law-enforcement-security-yellow-halo.png"/>
   <icon name="food-water-shelter_water-gray-halo.png"/>
   <icon name="safety-and-security_government-services-with-label-clr.png"/>
   <icon name="communications-icon-only-no-halo.png"/>
   <icon name="hazmat-with-label-gray-halo.png"/>
   <icon name="food-water-shelter_water-red-halo.png"/>
   <icon name="food-water-shelter_shelter-yellow-halo.png"/>
   <icon name="energy-power-fuel-with-label-yellow-halo.png"/>
   <icon name="safety-and-security_law-enforcement-security-gray-halo.png"/>
   <icon name="safety-and-security-icon-only-green-halo.png"/>
   <icon name="transportation_mass-transit-green-halo.png"/>
   <icon name="health-and-medical-with-label-green-halo.png"/>
   <icon name="food-water-shelter_water-yellow-halo.png"/>
   <icon name="safety-and-security-with-label-green-halo.png"/>
   <icon name="health-and-medical_patient-movement-red-halo.png"/>
   <icon name="health-and-medical_public-health-gray-halo.png"/>
   <icon name="safety-and-security-with-label-amber-halo.png"/>
   <icon name="transportation_mass-transit-gray-halo.png"/>
   <icon name="safety-and-security_government-services-red-halo.png"/>
   <icon name="safety-and-security_fire-services-with-label-clr.png"/>
   <icon name="health-and-medical_medical-care-gray-halo.png"/>
   <icon name="health-and-medical-with-label-amber-halo.png"/>
   <icon name="energy-power-fuel_power-red-halo.png"/>
   <icon name="transportation-with-label-green-halo.png"/>
   <icon name="safety-and-security-with-label-gray-halo.png"/>
   <icon name="transportation_aviation-gray-halo.png"/>
   <icon name="energy-power-fuel-icon-only-red-halo.png"/>
   <icon name="transportation_aviation-green-halo.png"/>
   <icon name="safety-and-security_search-and-rescue.png"/>
   <icon name="communications_infrastructure-gray-halo.png"/>
   <icon name="safety-and-security_government-services-gray-halo.png"/>
   <icon name="safety-and-security_community-safety-yellow-halo.png"/>
   <icon name="hazmat_hazmat-pollutants-contaminants.png"/>
   <icon name="communications_financial-services-green-halo.png"/>
   <icon name="health-and-medical_fatality-management.png"/>
   <icon name="transportation_railway-red-halo.png"/>
   <icon name="health-and-medical_public-health-green-halo.png"/>
   <icon name="hazmat_facilities-yellow-halo.png"/>
   <icon name="food-water-shelter_food-yellow-halo.png"/>
   <icon name="communications_financial-services-gray-halo.png"/>
   <icon name="energy-power-fuel-with-label-green-halo.png"/>
   <icon name="hazmat_hazmat-pollutants-contaminants-red-halo.png"/>
   <icon name="hazmat_hazmat-pollutants-contaminants-with-label-clr.png"/>
   <icon name="communications_infrastructure-with-label-clr.png"/>
   <icon name="transportation_maritime-red-halo.png"/>
   <icon name="hazmat-icon-only-red-halo.png"/>
   <icon name="health-and-medical_medical-supply-chain-green-halo.png"/>
   <icon name="food-water-shelter-icon-only-green-halo.png"/>
   <icon name="communications_911-dispatch-red-halo.png"/>
   <icon name="health-and-medical-icon-only-gray-halo.png"/>
   <icon name="transportation_mass-transit-red-halo.png"/>
   <icon name="food-water-shelter_agriculture.png"/>
   <icon name="health-and-medical_patient-movement-green-halo.png"/>
   <icon name="energy-power-fuel_fuel-green-halo.png"/>
   <icon name="communications-with-label-no-halo.png"/>
   <icon name="hazmat-icon-only-gray-halo.png"/>
   <icon name="communications_infrastructure.png"/>
   <icon name="food-water-shelter-icon-only-yellow-halo.png"/>
   <icon name="health-and-medical_fatality-management-yellow-halo.png"/>
   <icon name="hazmat_facilities-gray-halo.png"/>
   <icon name="communications_responder-communications-with-label-clr.png"/>
   <icon name="communications-icon-only-amber-halo.png"/>
   <icon name="hazmat-icon-only-yellow-halo.png"/>
   <icon name="transportation-icon-only-amber-halo.png"/>
   <icon name="safety-and-security_fire-services-gray-halo.png"/>
   <icon name="food-water-shelter_food-red-halo.png"/>
   <icon name="safety-and-security_fire-services.png"/>
   <icon name="hazmat-with-label-green-halo.png"/>
   <icon name="hazmat-with-label-yellow-halo.png"/>
   <icon name="communications_responder-communications-gray-halo.png"/>
   <icon name="safety-and-security-icon-only-yellow-halo.png"/>
   <icon name="communications_financial-services-red-halo.png"/>
   <icon name="transportation_highway-roadway-gray-halo.png"/>
   <icon name="food-water-shelter_agriculture-green-halo.png"/>
   <icon name="hazmat_facilities.png"/>
   <icon name="communications_911-dispatch.png"/>
   <icon name="transportation-icon-only-yellow-halo.png"/>
   <icon name="health-and-medical_medical-care-with-label-clr.png"/>
   <icon name="transportation_mass-transit-with-label-clr.png"/>
   <icon name="safety-and-security_search-and-rescue-green-halo.png"/>
   <icon name="communications_financial-services.png"/>
   <icon name="transportation_maritime-gray-halo.png"/>
   <icon name="energy-power-fuel-icon-only-green-halo.png"/>
   <icon name="energy-power-fuel-icon-only-no-halo.png"/>
   <icon name="safety-and-security-with-label-yellow-halo.png"/>
   <icon name="communications_911-dispatch-gray-halo.png"/>
   <icon name="energy-power-fuel_fuel-with-label-clr.png"/>
   <icon name="communications_alerts-warnings-messages-gray-halo.png"/>
   <icon name="transportation_highway-roadway-green-halo.png"/>
   <icon name="energy-power-fuel-with-label-red-halo.png"/>
   <icon name="health-and-medical_patient-movement-yellow-halo.png"/>
   <icon name="transportation_highway-roadway.png"/>
   <icon name="food-water-shelter_water-with-label-clr.png"/>
   <icon name="food-water-shelter_shelter-green-halo.png"/>
   <icon name="health-and-medical_public-health-yellow-halo.png"/>
   <icon name="safety-and-security-icon-only-gray-halo.png"/>
   <icon name="hazmat-with-label-red-halo.png"/>
   <icon name="communications-icon-only-gray-halo.png"/>
   <icon name="food-water-shelter_agriculture-yellow-halo.png"/>
   <icon name="health-and-medical-with-label-gray-halo.png"/>
   <icon name="safety-and-security_law-enforcement-security-with-label-clr.png"/>
   <icon name="energy-power-fuel_fuel-red-halo.png"/>
   <icon name="safety-and-security_government-services-yellow-halo.png"/>
   <icon name="communications-with-label-green-halo.png"/>
   <icon name="communications_responder-communications-yellow-halo.png"/>
   <icon name="health-and-medical-icon-only-green-halo.png"/>
   <icon name="transportation_railway-green-halo.png"/>
   <icon name="transportation_railway-yellow-halo.png"/>
   <icon name="safety-and-security_government-services-green-halo.png"/>
   <icon name="food-water-shelter_agriculture-with-label-clr.png"/>
   <icon name="safety-and-security_law-enforcement-security-green-halo.png"/>
   <icon name="food-water-shelter_shelter-red-halo.png"/>
   <icon name="health-and-medical-icon-only-red-halo.png"/>
   <icon name="safety-and-security_government-services.png"/>
   <icon name="energy-power-fuel_fuel-gray-halo.png"/>
   <icon name="communications_responder-communications-green-halo.png"/>
   <icon name="communications_alerts-warnings-messages.png"/>
   <icon name="health-and-medical_fatality-management-with-label-clr.png"/>
   <icon name="safety-and-security_search-and-rescue-red-halo.png"/>
   <icon name="health-and-medical_public-health.png"/>
   <icon name="energy-power-fuel-with-label-no-halo.png"/>
   <icon name="food-water-shelter-icon-only-amber-halo.png"/>
   <icon name="safety-and-security_law-enforcement-security.png"/>
   <icon name="communications_responder-communications-red-halo.png"/>
   <icon name="safety-and-security_search-and-rescue-with-label-clr.png"/>
   <icon name="energy-power-fuel_power-yellow-halo.png"/>
   <icon name="safety-and-security_community-safety.png"/>
   <icon name="transportation-icon-only-gray-halo.png"/>
   <icon name="hazmat_facilities-red-halo.png"/>
   <icon name="health-and-medical_medical-care-yellow-halo.png"/>
   <icon name="food-water-shelter_water-green-halo.png"/>
   <icon name="food-water-shelter-icon-only-gray-halo.png"/>
   <icon name="health-and-medical_patient-movement-with-label-clr.png"/>
   <icon name="communications_infrastructure-green-halo.png"/>
   <icon name="food-water-shelter_food-green-halo.png"/>
   <icon name="hazmat_hazmat-pollutants-contaminants-yellow-halo.png"/>
   <icon name="safety-and-security_search-and-rescue-yellow-halo.png"/>
   <icon name="energy-power-fuel_power-gray-halo.png"/>
   <icon name="transportation_highway-roadway-red-halo.png"/>
   <icon name="safety-and-security_search-and-rescue-gray-halo.png"/>
   <icon name="safety-and-security_fire-services-red-halo.png"/>
   <icon name="health-and-medical_public-health-with-label-clr.png"/>
   <icon name="transportation-icon-only-green-halo.png"/>
   <icon name="food-water-shelter-with-label-red-halo.png"/>
   <icon name="food-water-shelter_agriculture-gray-halo.png"/>
   <icon name="health-and-medical_fatality-management-red-halo.png"/>
   <icon name="safety-and-security_community-safety-gray-halo.png"/>
   <icon name="transportation_maritime-yellow-halo.png"/>
   <icon name="safety-and-security-icon-only-amber-halo.png"/>
   <icon name="safety-and-security_community-safety-red-halo.png"/>
   <icon name="health-and-medical_medical-care.png"/>
   <icon name="transportation_aviation-red-halo.png"/>
   <icon name="transportation_aviation-with-label-clr.png"/>
   <icon name="food-water-shelter_shelter-with-label-clr.png"/>
   <icon name="communications-with-label-red-halo.png"/>
   <icon name="safety-and-security_fire-services-green-halo.png"/>
   <icon name="communications_infrastructure-yellow-halo.png"/>
   <icon name="food-water-shelter_shelter-gray-halo.png"/>
   <icon name="communications_alerts-warnings-messages-red-halo.png"/>
   <icon name="transportation_railway-with-label-clr.png"/>
   <icon name="hazmat_facilities-with-label-clr.png"/>
   <icon name="hazmat-icon-only-green-halo.png"/>
   <icon name="hazmat-with-label-amber-halo.png"/>
   <icon name="health-and-medical-icon-only-no-halo.png"/>
   <icon name="health-and-medical_medical-supply-chain-red-halo.png"/>
   <icon name="food-water-shelter-icon-only-no-halo.png"/>
   <icon name="safety-and-security_community-safety-green-halo.png"/>
   <icon name="transportation_highway-roadway-yellow-halo.png"/>
   <icon name="transportation_highway-roadway-with-label-clr.png"/>
   <icon name="communications-with-label-gray-halo.png"/>
   <icon name="communications_financial-services-with-label-clr.png"/>
   <icon name="Dept-of-Interior-DOI-Bureau-of-Land-Management-BLM-Law-Enforcement-Facilities.png"/>
   <icon name="Petroleum-Oil-and-Lubricant-Terminals.png"/>
   <icon name="Natural-Gas.png"/>
   <icon name="Oil-and-Natural-Gas-Interconnects-Gas.png"/>
   <icon name="Joint-Operation-Centers-JOC.png"/>
   <icon name="Natural-Gas-Storage-Facilities.png"/>
   <icon name="Oil-and-Natural-Gas-Platform.png"/>
   <icon name="Public-Health-Departments.png"/>
   <icon name="Bureau-of-Alchohol-Tobacco-and-Firearms.png"/>
   <icon name="American-Red-Cross-Headquarters.png"/>
   <icon name="Pharmaceutical-Preparation-Manufacturing-Facilities.png"/>
   <icon name="Drinking-Water-Source.png"/>
   <icon name="Nuclear-Fuel-Plant.png"/>
   <icon name="Transmission-Towers-Mobile.png"/>
   <icon name="Funeral-Homes-and-Funeral-Service-Facilities.png"/>
   <icon name="Day-Care-Centers.png"/>
   <icon name="Drinking-Water-Source-Federal-Government.png"/>
   <icon name="Solid-Waste-Landfill-Facilities.png"/>
   <icon name="Hazardous-Manufacturing.png"/>
   <icon name="Electric-Power-Generation-Plants.png"/>
   <icon name="Drinking-Water-Source-State-Government.png"/>
   <icon name="American-Red-Cross-Chapter-Facilities.png"/>
   <icon name="Ethanol-Transloading-Facilities.png"/>
   <icon name="Urgent-Care-Facilities.png"/>
   <icon name="Emergency-Services.png"/>
   <icon name="Natural-Gas-Market-Hubs.png"/>
   <icon name="Oil-Refineries.png"/>
   <icon name="Law-Enforcement-Locations.png"/>
   <icon name="Phosphatic-Fertilizer-Plants.png"/>
   <icon name="Drinking-Water-Source-Private.png"/>
   <icon name="Truck-Driving-Schools.png"/>
   <icon name="Dept-of-Homeland-Security-DHS-Immigration-and-Customs-Enforcement-ICE-Facilities.png"/>
   <icon name="Land-Mobile-Broadcast-Towers.png"/>
   <icon name="Natural-Gas-Processing-Plants.png"/>
   <icon name="Federal-Emergency-Management-Agency-Recovery-Offices.png"/>
   <icon name="Dept-of-Interior-DOI-Bureau-of-Indian-Affairs-BIA-Law-Enforcement-Facilities.png"/>
   <icon name="State-Government-Capitol.png"/>
   <icon name="Nursing-Home.png"/>
   <icon name="Nuclear-Research-Facility.png"/>
   <icon name="Drinking-Water-Source-Local-Government.png"/>
   <icon name="Local-EOC.png"/>
   <icon name="Law--Generic.png"/>
   <icon name="Antenna_Structure_Registrate.png"/>
   <icon name="Water-System-Community-water-system.png"/>
   <icon name="Crude-Oil-Storage.png"/>
   <icon name="School.png"/>
   <icon name="Drinking-Water-Storage-V2.png"/>
   <icon name="USCBP-Office-of-Field-Operations-OFO-Sector-Headquarters.png"/>
   <icon name="Federal-Emergency-Management-Agency-Headquarters.png"/>
   <icon name="US-Postal-Service-USPS-Postal-Inspection-Service-Facilities.png"/>
   <icon name="Electric--Vehicle-Charging-Station.png"/>
   <icon name="Gas-Stations.png"/>
   <icon name="Electricity-Substations.png"/>
   <icon name="Outer-Continental-Shelf-OCS-Pacific-Platforms.png"/>
   <icon name="Colleges-and-Universities.png"/>
   <icon name="Liquified-Natural-Gas-Import-Exports-and-Terminals.png"/>
   <icon name="Environmental-Protection-Agency-Facility-Registry-Service-Emergency-Response-Comprehensive-Env.png"/>
   <icon name="Emergency-Animal-Shelter.png"/>
   <icon name="Emergency-Medical-Service-EMS-Stations.png"/>
   <icon name="E-85-Fuel-Station.png"/>
   <icon name="Petroluem-Processing.png"/>
   <icon name="Veterans-Health-Administration-Medical-Clinic.png"/>
   <icon name="Emergency-Shelter.png"/>
   <icon name="Natural-Gas-Compressor-Stations.png"/>
   <icon name="USCBP-Office-of-Field-Operations-OFO-Facilities.png"/>
   <icon name="Air-Water-Solid-Waste- Management-Plants.png"/>
   <icon name="Propane-Retailer-Locations.png"/>
   <icon name="Cemeteries-and-Crematories.png"/>
   <icon name="Generic.png"/>
   <icon name="USCBP-Office-of-Field-Operations-OFO-Field-Office-Headquarters.png"/>
   <icon name="M-85-Methanol-Fuel-Station.png"/>
   <icon name="Petroleum-Ports.png"/>
   <icon name="Federal-Bureau-of-Investigation-FBI-Offices.png"/>
   <icon name="HY-Fuel-Station.png"/>
   <icon name="Hospitals.png"/>
   <icon name="Governmental-Faciliy--Courthouse.png"/>
   <icon name="Land-Mobile-Private-Transmission-Towers.png"/>
   <icon name="USCBP-US-Border-Patrol-USBP-Stations.png"/>
   <icon name="Coal.png"/>
   <icon name="Coal-Storage-V2.png"/>
   <icon name="Drinking-Water-Source-Native American.png"/>
   <icon name="Pacific-Wells.png"/>
   <icon name="CNG-Fuel-Station.png"/>
   <icon name="Television-Transmission-Station-Analog.png"/>
   <icon name="Diesel-Plant.png"/>
   <icon name="Electricity.png"/>
   <icon name="City-Hall.png"/>
   <icon name="Weather-Radar-Station.png"/>
   <icon name="Oil-and-Natural-Gas-Wells.png"/>
   <icon name="Veterans-Health-Administration-Medical-Facilities.png"/>
   <icon name="Television-Transmission-Station-Digital.png"/>
   <icon name="(EPA)-Facility-Registry-Service-(FRS)-Power Plant.png"/>
   <icon name="Pharmacies.png"/>
   <icon name="Oil-and-Natural-Gas-Interconnects.png"/>
   <icon name="FM-Transmission-Towers.png"/>
   <icon name="Water-System-Non-Transient-non-community-system.png"/>
   <icon name="LPG-Fuel-Station.png"/>
   <icon name="Cellular-Towers.png"/>
   <icon name="Biological-Products-Manufacturing-Facilities.png"/>
   <icon name="Natural-Gas-Import-and-Export.png"/>
   <icon name="Explosives-Manufacturing-Facilities.png"/>
   <icon name="Coal-Processing.png"/>
   <icon name="Flight-Schools.png"/>
   <icon name="Biodiesel-Gas.png"/>
   <icon name="911-Communication-Centers.png"/>
   <icon name="Ethanol-Plants.png"/>
   <icon name="Supplemental-Colleges.png"/>
   <icon name="Biodiesel-Plants.png"/>
   <icon name="Paging-Transmission-Towers.png"/>
   <icon name="Distribution-Control-Facilities.png"/>
   <icon name="US-Marshal-Service.png"/>
   <icon name="Dept-of-Interior-DOI-National-Park-Service-NPS-Law-Enforcement-Facilities.png"/>
   <icon name="Fire-Station.png"/>
   <icon name="Land-Mobile-Commercial-Transmission-Towers.png"/>
   <icon name="Diesel_Gas.png"/>
   <icon name="Public-Schools.png"/>
   <icon name="Government-Facilities.png"/>
   <icon name="LNG-Fuel-Station.png"/>
   <icon name="Veterinary-Service-Facilities.png"/>
   <icon name="Nuclear-Power-Plant.png"/>
   <icon name="Drug-Enforcement-Agency.png"/>
   <icon name="US-CBP-Office-of-Field-Operations-OFO-Container-Security-Initiative-CSI-Locations.png"/>
   <icon name="Dept-of-Interior-DOI-US-Park-Police-USPP-Law-Enforcement-Facilities.png"/>
   <icon name="State-EOC.png"/>
   <icon name="Major-State-Government-Buildings.png"/>
   <icon name="Chemical-Manufacturing-Facilities.png"/>
   <icon name="Petroluem-Storage.png"/>
   <icon name="Dialysis-Centers.png"/>
   <icon name="Adult-Care-Facilities.png"/>
   <icon name="Environmental-Protection-Agency-EPA-Facility-Registry-Service-FRS-Wastewater-Treatment-Plants.png"/>
   <icon name="Strategic-and-Petroleum-Reserves.png"/>
   <icon name="POL-Pumping-Station.png"/>
   <icon name="AM-Transmission-Towers.png"/>
   <icon name="Nitrogenous-Fertilizer-Plants.png"/>
   <icon name="Natural-Gas-Receipt-Delivery.png"/>
   <icon name="Dept-of-Interior-DOI-Fish-and-Wildlife-Service-FWS-Law-Enforcement-Facilities.png"/>
   <icon name="Private-Schools.png"/>
   <icon name="Transmission-Tower.png"/>
   <icon name="EMS--Air-Medical-Service-Providers--ADAMS_AAMS.png"/>
   <icon name="Microwave-Service-Towers.png"/>
   <icon name="PublicHealth-Centers-for-Disease-Control.png"/>
   <icon name="Dept-of-Interior-DOI-Bureau-of-Reclamation-BOR-Law-Enforcement-Facilities.png"/>
   <icon name="Blood-and-Organ-Banks.png"/>
   <icon name="Drinking-Water-Source-Public-Private.png"/>
   <icon name="Catholic-Churches.png"/>
   <icon name="Mosques.png"/>
   <icon name="Ski-Resorts.png"/>
   <icon name="State-County-and-Local-Parks.png"/>
   <icon name="Vineyards-and-Wineries.png"/>
   <icon name="Aeronautical-Obstructions.png"/>
   <icon name="Libraries.png"/>
   <icon name="Airport--BALLOONPORT.png"/>
   <icon name="Marinas.png"/>
   <icon name="Highways-Rest-Areas.png"/>
   <icon name="Protestant-Churches.png"/>
   <icon name="Amusement-and-Theme-Parks.png"/>
   <icon name="Arena-or-Stadium.png"/>
   <icon name="Historic-Sites.png"/>
   <icon name="Airport--ULTRALIGHT.png"/>
   <icon name="Jewish-Synagogues.png"/>
   <icon name="Drinking-Establishments.png"/>
   <icon name="Mobile-Home-Parks.png"/>
   <icon name="Airport--GLIDERPORT.png"/>
   <icon name="Airport--Heliport.png"/>
   <icon name="Community-Centers.png"/>
   <icon name="Campground.png"/>
   <icon name="Golf-Courses.png"/>
   <icon name="Theater-and-Performing-Arts-Centers.png"/>
   <icon name="Airport--General-Aviation.png"/>
   <icon name="All-Places-of-Worship.png"/>
   <icon name="Airport--Seaplane.png"/>
   <icon name="Cruise-Line-Terminals.png"/>
   <icon name="Convention-Centers.png"/>
   <icon name="Casinos.png"/>
   <icon name="Tourist-Attractions.png"/>
   <icon name="Airport--Commercial.png"/>
   <icon name="Museums.png"/>
   <icon name="BRANCH--IIX.png"/>
   <icon name="BRANCH--I.png"/>
   <icon name="BRANCH--FIRE.png"/>
   <icon name="GROUP--VENT.png"/>
   <icon name="DIVISION--G.png"/>
   <icon name="BLANK.png"/>
   <icon name="GROUP--Rescue.png"/>
   <icon name="BRANCH--Air.png"/>
   <icon name="SECTION--LNO.png"/>
   <icon name="DIVISION--A.png"/>
   <icon name="DIVISION--4.png"/>
   <icon name="BRANCH--IV.png"/>
   <icon name="SECTION--DIC.png"/>
   <icon name="SECTION--PIO.png"/>
   <icon name="BRANCH--III.png"/>
   <icon name="BRANCH--HazMat.png"/>
   <icon name="DIVISION--1.png"/>
   <icon name="GROUP--SAR.png"/>
   <icon name="DIVISION--E.png"/>
   <icon name="SECTION--Logistics.png"/>
   <icon name="SECTION--SO.png"/>
   <icon name="BRANCH--IX.png"/>
   <icon name="BRANCH--II.png"/>
   <icon name="DIVISION--7.png"/>
   <icon name="DIVISION--C.png"/>
   <icon name="BRANCH--EMS.png"/>
   <icon name="SECTION--IC.png"/>
   <icon name="SECTION--Planning.png"/>
   <icon name="SECTION--Finance.png"/>
   <icon name="BRANCH--V.png"/>
   <icon name="DIVISION--9.png"/>
   <icon name="GROUP--Medical.png"/>
   <icon name="SECTION--Operations.png"/>
   <icon name="BRANCH--SAR.png"/>
   <icon name="DIVISION--8.png"/>
   <icon name="DIVISION--10.png"/>
   <icon name="GROUP--RIG.png"/>
   <icon name="BRANCH--VI.png"/>
   <icon name="BRANCH--PW.png"/>
   <icon name="DIVISION--B.png"/>
   <icon name="DIVISION--5.png"/>
   <icon name="DIVISION--D.png"/>
   <icon name="DIVISION--3.png"/>
   <icon name="BRANCH--X.png"/>
   <icon name="GROUP--SEARCH.png"/>
   <icon name="BRANCH--VII.png"/>
   <icon name="GROUP--EMS.png"/>
   <icon name="DIVISION--F.png"/>
   <icon name="BRANCH--LAW.png"/>
   <icon name="DIVISION--2.png"/>
   <icon name="DIVISION--6.png"/>
   <icon name="room-main-entry.png"/>
   <icon name="ALARM_Alarm-Control-Panel--Fire-Alarm-Control-Panel.png"/>
   <icon name="security-safe-room.png"/>
   <icon name="DETECT_GRAY--_Smoke-Detector--Photoelectric.png"/>
   <icon name="Sprinkler-System--Sprinkler-Deluge.png"/>
   <icon name="Sprinkler-Control-Valve--Non-Indicating-Valve.png"/>
   <icon name="Clean-Agent.png"/>
   <icon name="DETECT_GRAY--_Duct-Detector--Gas.png"/>
   <icon name="DETECT_GRAY--_Duct-Detector--Flow.png"/>
   <icon name="Water.png"/>
   <icon name="Fire-Pump--With-Out-Drive.png"/>
   <icon name="SHUTOFF_BLUE--_DETAIL_Water-Shutoff-Sub_With-Line.png"/>
   <icon name="DETECT_GRAY--_Detector.png"/>
   <icon name="SHUTOFF_BLUE--_SIMPLE_Gas_With-Line.png"/>
   <icon name="Stairs--Lift.png"/>
   <icon name="SHUTOFF_BLUE--_SIMPLE_Refrigeration_With-Line.png"/>
   <icon name="SHUTOFF_BLUE--_DETAIL_LNG-Main_With-Line.png"/>
   <icon name="location-auto-garage.png"/>
   <icon name="most-important-3.png"/>
   <icon name="safety-eyewash.png"/>
   <icon name="Fire-Department-Connection--Combination-Sprinkler-Standpipe.png"/>
   <icon name="SHUTOFF_BLUE--_DETAIL_Gas-SUB_With-Line.png"/>
   <icon name="ALARM_Alarm-Control-Panel--Voice-Control-Panel.png"/>
   <icon name="SHUTOFF_BLUE--_SIMPLE_Water-Shutoff_With-Line.png"/>
   <icon name="Sprinkler-System--PreAction.png"/>
   <icon name="garbage-recycling.png"/>
   <icon name="electrical-generator-battery.png"/>
   <icon name="SHUTOFF_BLUE--_SIMPLE_Electricall_With-Line.png"/>
   <icon name="location-auditorium.png"/>
   <icon name="Wet-Chemical.png"/>
   <icon name="Stairs_Single.png"/>
   <icon name="Hose-Reel--CO2.png"/>
   <icon name="Knox--Drug-Vault.png"/>
   <icon name="ALARM_Smoke-Panel.png"/>
   <icon name="Hose-Reel--Wet.png"/>
   <icon name="ALARM_Alarm-Communications--Annunciator-Panel.png"/>
   <icon name="Sprinkler-Control-Valve--Zone-Valve.png"/>
   <icon name="security-area-of-refuge-2.png"/>
   <icon name="room-telephone-equipment.png"/>
   <icon name="location-auto-carport.png"/>
   <icon name="_GENERIC_Restrooms.png"/>
   <icon name="Riser-Wet.png"/>
   <icon name="DETECT_GRAY--_Heat-Detector--Rate-Compensate.png"/>
   <icon name="SHUTOFF_BLUE--_DETAIL_CNG-Main_With-Line.png"/>
   <icon name="Hatch.png"/>
   <icon name="SHUTOFF_BLUE--_DETAIL_Telecommunications-TV_With-Line.png"/>
   <icon name="SHUTOFF_BLUE--_SIMPLE_Air_Handling_With-Line.png"/>
   <icon name="Business--Bank.png"/>
   <icon name="most-important-feature.png"/>
   <icon name="DETECT_GRAY--_Duct-Detector--Smoke.png"/>
   <icon name="Sprinkler-System--Semi-Automatic.png"/>
   <icon name="Addressable-Location--Storage.png"/>
   <icon name="SHUTOFF_BLUE--_DETAIL_Telecommunications-Network_With-Line.png"/>
   <icon name="Addressable-Location--Outdoor-Space.png"/>
   <icon name="Class-K.png"/>
   <icon name="security-safe.png"/>
   <icon name="ALARM__GENERIC_Alarm-Control-Panel.png"/>
   <icon name="SHUTOFF_BLUE--_SIMPLE_CNG_With-Line.png"/>
   <icon name="room-laundry-room.png"/>
   <icon name="Addressable-Location--Living-Space.png"/>
   <icon name="Fire-System.png"/>
   <icon name="room-telephone-equipment-room.png"/>
   <icon name="Fire-Hose-Connection--Hose-Connection_Wet.png"/>
   <icon name="Sprinkler-Control-Valve--Outside-Screw-and-Yoke.png"/>
   <icon name="Water-Source--Hydrant-Fire.png"/>
   <icon name="Water-Source--Water-Inlet.png"/>
   <icon name="security-bomb-shelter.png"/>
   <icon name="DETECT_GRAY--_Heat-Detector--Rate-Fixed.png"/>
   <icon name="Hose-Reel--Dry.png"/>
   <icon name="Monitor--Charged.png"/>
   <icon name="DETECT_GRAY--_Smoke-Detector--Tamper-Switch.png"/>
   <icon name="medical-nurse-station.png"/>
   <icon name="Fire-Department-Connection--Standpipe-Connection.png"/>
   <icon name="Manual_Materials-Safety-Data-Sheet.png"/>
   <icon name="SHUTOFF_BLUE--_SIMPLE_Product-Shutoff_With-Line.png"/>
   <icon name="SHUTOFF_BLUE--_SIMPLE_Telecommunications_With-Line.png"/>
   <icon name="Fire-Department-Connection--FDC2.png"/>
   <icon name="room-kitchen.png"/>
   <icon name="electrical-powerlines.png"/>
   <icon name="DETECT_GRAY--_Duct-Detector--Level.png"/>
   <icon name="Hose-Reel--Dry-Chemical.png"/>
   <icon name="garbage.png"/>
   <icon name="SHUTOFF_BLUE--_DETAIL_LNG-Sub_With-Line.png"/>
   <icon name="DETECT_GRAY--_Smoke-Detector--Ionization.png"/>
   <icon name="Hose-Connection_Dry.png"/>
   <icon name="Riser-Dry.png"/>
   <icon name="Fire-Department-Connection--Sprinkler-Connection.png"/>
   <icon name="ALARM_Alarm-Control-Panel--FAC.png"/>
   <icon name="fuel-pump-diesel.png"/>
   <icon name="SHUTOFF_BLUE--_DETAIL_Telecommunications-MAIN_With-Line.png"/>
   <icon name="most-important-1.png"/>
   <icon name="location-loading-dock.png"/>
   <icon name="Safety-Location--HVAC.png"/>
   <icon name="security-guard.png"/>
   <icon name="childcare-infant.png"/>
   <icon name="Water-Source--Dry-Hydrant.png"/>
   <icon name="Business--Retail.png"/>
   <icon name="restrooms-men.png"/>
   <icon name="location-residential.png"/>
   <icon name="Halon.png"/>
   <icon name="Fire-Escape.png"/>
   <icon name="SHUTOFF_BLUE--_DETAIL_Fuel-Sub_With-Line.png"/>
   <icon name="electrical-transformer.png"/>
   <icon name="DETECT_GRAY--_Smoke-Detector--Tamper-Detector.png"/>
   <icon name="Fire-Hose-Connection--Hose-Connection.png"/>
   <icon name="SHUTOFF_BLUE--_SIMPLE_Steam_With-Line.png"/>
   <icon name="Escalator.png"/>
   <icon name="medical.png"/>
   <icon name="garbage-garbage-chute.png"/>
   <icon name="Roof-Access.png"/>
   <icon name="DETECT_GRAY--_Gas-Detector-Pressure.png"/>
   <icon name="SHUTOFF_BLUE--_DETAIL_Refrigeration-Main_With-Line.png"/>
   <icon name="location-parking-not.png"/>
   <icon name="SHUTOFF_BLUE--_SIMPLE_LNG_With-Line.png"/>
   <icon name="room-utility-room.png"/>
   <icon name="Monitor--Dry.png"/>
   <icon name="Business--Grocery.png"/>
   <icon name="Stairs--Double.png"/>
   <icon name="Clean-Gas.png"/>
   <icon name="Knox--KeyShunt.png"/>
   <icon name="Addressable-Location--Work-Space.png"/>
   <icon name="security-evacuation-shelter.png"/>
   <icon name="Stairs--Spiral.png"/>
   <icon name="DETECT_GRAY--_Smoke-Detector.png"/>
   <icon name="ALARM_Reset-Panel.png"/>
   <icon name="childcare-child.png"/>
   <icon name="safety-decontamination-shower.png"/>
   <icon name="DETECT_GRAY--_Heat-Detector-Rate-of-Rise.png"/>
   <icon name="Knox--Plain.png"/>
   <icon name="safety-handwash.png"/>
   <icon name="Addressable-Location--Repair-Build.png"/>
   <icon name="Fire-Department-Connection--FDC1.png"/>
   <icon name="Knox--DoorEntry.png"/>
   <icon name="SHUTOFF_BLUE--_DETAIL_Solar-Panel-MAIN_With-Line.png"/>
   <icon name="SHUTOFF_BLUE--_DETAIL_Electrical-Sub_With-Line.png"/>
   <icon name="room-guard-shack.png"/>
   <icon name="room-office.png"/>
   <icon name="people-handicapped.png"/>
   <icon name="ALARM_Alarm-Control-Panel--Burglar-Alarm.png"/>
   <icon name="fuel-pump-regular.png"/>
   <icon name="room-classroom.png"/>
   <icon name="Foam.png"/>
   <icon name="ALARM_Alarm-Control-Panel--Switchboard-Panel.png"/>
   <icon name="room-boiler-room.png"/>
   <icon name="DETECT_GRAY--_Smoke-Detector--Flow-Switch.png"/>
   <icon name="DETECT_GRAY--_Smoke-Detector--Beam.png"/>
   <icon name="electrical-generator-diesel.png"/>
   <icon name="Sprinkler-System--Dry.png"/>
   <icon name="room-catwalk.png"/>
   <icon name="SHUTOFF_BLUE--_GENRIC_Plain_With-Line.png"/>
   <icon name="SHUTOFF_BLUE--_DETAIL_Electrical-Main_With-Line.png"/>
   <icon name="ALARM__GENERIC_Alarm.png"/>
   <icon name="DETECT_GRAY--_Duct-Detector.png"/>
   <icon name="SHUTOFF_BLUE--_DETAIL_Steam-Main_With-Line.png"/>
   <icon name="restrooms-women.png"/>
   <icon name="location-loading-truck-well.png"/>
   <icon name="security-safe-zone.png"/>
   <icon name="Dry-Chemical.png"/>
   <icon name="Water-Source--Static.png"/>
   <icon name="SHUTOFF_BLUE--_SIMPLE_Solar-Panel_With-Line.png"/>
   <icon name="location-institutional.png"/>
   <icon name="Electrical_Powerlines.png"/>
   <icon name="Knox--Residential.png"/>
   <icon name="ALARM_FTR.png"/>
   <icon name="electrical-generator-electrical.png"/>
   <icon name="MostImportant.png"/>
   <icon name="Sprinkler-Control-Valve--Post-Indicating-Valve.png"/>
   <icon name="electrical-room.png"/>
   <icon name="Addressable-Location--Parking.png"/>
   <icon name="Agent-Container.png"/>
   <icon name="SHUTOFF_BLUE--_DETAIL_Gas-MAIN_With-Line.png"/>
   <icon name="SHUTOFF_BLUE--_DETAIL_Refrigeration-Sub_With-Line.png"/>
   <icon name="Addressable-Location--Utility.png"/>
   <icon name="location-gym-or-arena.png"/>
   <icon name="Attic-Access.png"/>
   <icon name="Fire-Pump--With-Drive.png"/>
   <icon name="Hose-Reel--Foam.png"/>
   <icon name="restrooms.png"/>
   <icon name="security-area-of-refuge.png"/>
   <icon name="DETECT_GRAY--_Heat-Detector.png"/>
   <icon name="location-parking.png"/>
   <icon name="Sprinkler-Control-Valve.png"/>
   <icon name="most-important-2.png"/>
   <icon name="safety-location-hvac.png"/>
   <icon name="room-elevator-room.png"/>
   <icon name="SHUTOFF_BLUE--_DETAIL_Fuel-Pipeline_With-Line.png"/>
   <icon name="room-library.png"/>
   <icon name="Water-Source--Drafting-Site.png"/>
   <icon name="Addressable-Location--Functional-area.png"/>
   <icon name="electrical-generator-electrical-battery.png"/>
   <icon name="manual.png"/>
   <icon name="emergency-control-station.png"/>
   <icon name="SHUTOFF_BLUE--_DETAIL_CNG-Sub_With-Line.png"/>
   <icon name="manual-operations-manual.png"/>
   <icon name="Knox--Keycard.png"/>
   <icon name="medical-aed.png"/>
   <icon name="Sprinkler-System--Sprinkler-General.png"/>
   <icon name="DETECT_GRAY--_Heat-Detector--Fixed-Temp.png"/>
   <icon name="SHUTOFF_BLUE--_DETAIL_Solar-Panel-Sub_With-Line.png"/>
   <icon name="SHUTOFF_BLUE--_DETAIL_Water-Shutoff-Main_With-Line.png"/>
   <icon name="Crawl-Space-Hatch.png"/>
   <icon name="medical-first-aid.png"/>
   <icon name="SHUTOFF_BLUE--_SIMPLE_Oxygen_With-Line.png"/>
   <icon name="SHUTOFF_BLUE--_DETAIL_Fuel-Main_With-Line.png"/>
   <icon name="location-mercantile.png"/>
   <icon name="fire-pump.png"/>
   <icon name="CO2.png"/>
   <icon name="electrical-generator.png"/>
   <icon name="location-air-conditioning.png"/>
   <icon name="security-storm-shelter.png"/>
   <icon name="DETECT_GRAY--_Duct-Detector--Heat.png"/>
   <icon name="people-contact-information.png"/>
   <icon name="ALARM_Voice_Control_Panel.png"/>
   <icon name="room-storage.png"/>
   <icon name="DETECT_GRAY--_Duct-Detector--Flame.png"/>
   <icon name="Sprinkler-Control-Valve--Wall-Post-Indicating-Valve.png"/>
   <icon name="people-occupant.png"/>
   <icon name="DETECT_GRAY--_Gas-Detector.png"/>
   <icon name="safety-location-fire-extinguisher.png"/>
   <icon name="SHUTOFF_BLUE--_SIMPLE_Fuel_With-Line.png"/>
   <icon name="electrical-vault.png"/>
   <icon name="garbage-dumpster.png"/>
   <icon name="Absorbtion.png"/>
   <icon name="Relevant_Not.png"/>
   <icon name="Joint-Operations-Center.png"/>
   <icon name="Staging_NWCG.png"/>
   <icon name="LEVEL1_Cell-Phone.png"/>
   <icon name="Incident-Command-Post.png"/>
   <icon name="Datum_Start.png"/>
   <icon name="Datum_Finish.png"/>
   <icon name="Staging_EMS.png"/>
   <icon name="SWAT_Hostage_Negotation.png"/>
   <icon name="Communication-Ops-Telephone.png"/>
   <icon name="Staging_Law_Enforcement.png"/>
   <icon name="LEVEL3_Cell-Phone.png"/>
   <icon name="Dam.png"/>
   <icon name="Staging_Priority2.png"/>
   <icon name="Diversion.png"/>
   <icon name="Bomb--Detonation-Location.png"/>
   <icon name="Barrier--Emergency-Access-Only.png"/>
   <icon name="EMS--Treatment-Plain.png"/>
   <icon name="EMS--Plain.png"/>
   <icon name="Civilian-Staging--Transit.png"/>
   <icon name="Sensor-Weather.png"/>
   <icon name="SWAT_Canine.png"/>
   <icon name="Public_Information.png"/>
   <icon name="Multi-Agency-Coordination-Center.png"/>
   <icon name="SWAT--Standoff-Location.png"/>
   <icon name="EMS--Casuality-Collection-Point.png"/>
   <icon name="Staging_Faith.png"/>
   <icon name="Staging_CISM.png"/>
   <icon name="LZ--Marine-LZ.png"/>
   <icon name="Staging.png"/>
   <icon name="Emergency-Operations-Cetner.png"/>
   <icon name="Medical-Supply-Cache.png"/>
   <icon name="Repeater_NWCG.png"/>
   <icon name="LEVEL2_Portable-Locating-Transmitter.png"/>
   <icon name="Sensor-Chemical.png"/>
   <icon name="Reporting-Party.png"/>
   <icon name="EMS--ILS.png"/>
   <icon name="EMS--ALS.png"/>
   <icon name="Sensor-Intruderl.png"/>
   <icon name="Initial_Planning_Point_Missing_Persons_Fugitive_Search.png"/>
   <icon name="Bomb--Containment.png"/>
   <icon name="Civilian-Staging--Volunteer.png"/>
   <icon name="Public_Information_Media.png"/>
   <icon name="Civilian-Staging--Family-Reunification.png"/>
   <icon name="Staging_Priority1.png"/>
   <icon name="Relevant_Known.png"/>
   <icon name="Base_NWCG.png"/>
   <icon name="Responder_First_Aid.png"/>
   <icon name="Barrier.png"/>
   <icon name="LEVEL1_Emergency-Locating-Transmitter.png"/>
   <icon name="Relevant_Unknown.png"/>
   <icon name="Civilian-Staging--Animal-Reunification.png"/>
   <icon name="Barrier--With-Security.png"/>
   <icon name="SWAT_EMT.png"/>
   <icon name="Command-Post.png"/>
   <icon name="Camp_NWCG.png"/>
   <icon name="Command-Post-Plain.png"/>
   <icon name="Staging_Fire.png"/>
   <icon name="Communication-Ops-Repeater.png"/>
   <icon name="Decon_NonAmbulatory.png"/>
   <icon name="Sensor-Radiological.png"/>
   <icon name="Communication-Ops-Generic.png"/>
   <icon name="IRDownlink.png"/>
   <icon name="Staging_Air.png"/>
   <icon name="LZ--Helibase.png"/>
   <icon name="Staging_Equiment.png"/>
   <icon name="Decon_Ambulatory.png"/>
   <icon name="Staging_Rehab.png"/>
   <icon name="Base.png"/>
   <icon name="LEVEL2_Emergency-Locating-Transmitter.png"/>
   <icon name="Sensor-General.png"/>
   <icon name="Datum.png"/>
   <icon name="Water--Fire-Hydrant.png"/>
   <icon name="SWAT--Rehearsal-Area.png"/>
   <icon name="Water-Point--Retardent.png"/>
   <icon name="SWAT.png"/>
   <icon name="LEVEL2_Cell-Phone.png"/>
   <icon name="LZ_Airport.png"/>
   <icon name="EMS--BLS.png"/>
   <icon name="Telephone_NWCG.png"/>
   <icon name="Area-Command-Post.png"/>
   <icon name="Water-Point--Helicopter.png"/>
   <icon name="Water-Point--Vehicle.png"/>
   <icon name="Repeater.png"/>
   <icon name="LEVEL1_Portable-Locating-Transmitter.png"/>
   <icon name="EMS--Triage.png"/>
   <icon name="LZ--Marine-Dock.png"/>
   <icon name="Civilian-Staging--Not-Specfic.png"/>
   <icon name="SWAT--Sniper-Location.png"/>
   <icon name="Barrier-With-Checkpoint.png"/>
   <icon name="Water-Point--General.png"/>
   <icon name="Reporting_Party.png"/>
   <icon name="SWAT_RallyPoint.png"/>
   <icon name="Supply-Distribution_Food_Water.png"/>
   <icon name="Dike.png"/>
   <icon name="LEVEL3_Portable-Locating-Transmitter.png"/>
   <icon name="LZ--Marine-Launch-Site.png"/>
   <icon name="Lookout.png"/>
   <icon name="Sensor-Biological.png"/>
   <icon name="Camp.png"/>
   <icon name="Barrier1.png"/>
   <icon name="LEVEL3_Emergency-Locating-Transmitter.png"/>
   <icon name="Decon.png"/>
</iconset>