<iconset version="1" name="FEMA Icons" defaultGroup="Iron Sites" skipResize="false" uid="f8f7f666-8b28-4b57-9fbb-e48e61d33b79">
   <icon name="ESF 2.png" type2525b="a-n-G"/>
   <icon name="ESF 12.png" type2525b="a-n-G"/>
   <icon name="ESF 7.png" type2525b="a-n-G"/>
   <icon name="ESF 15.png" type2525b="a-n-G"/>
   <icon name="ESF 5.png" type2525b="a-n-G"/>
   <icon name="ESF 8.png" type2525b="a-n-G"/>
   <icon name="ESF 16.png" type2525b="a-n-G"/>
   <icon name="ESF 13.png" type2525b="a-n-G"/>
   <icon name="ESF 9.png" type2525b="a-n-G"/>
   <icon name="ESF 6.png" type2525b="a-n-G"/>
   <icon name="ESF 10.png" type2525b="a-n-G"/>
   <icon name="ESF 11.png" type2525b="a-n-G"/>
   <icon name="ESF 1.png" type2525b="a-n-G"/>
   <icon name="ESF 3.png" type2525b="a-n-G"/>
   <icon name="ESF 14.png" type2525b="a-n-G"/>
   <icon name="ESF 4.png" type2525b="a-n-G"/>
   <icon name="Fire Incident.png" type2525b="a-n-G"/>
   <icon name="Emergency Shelter.png"/>
   <icon name="Emergency Food Distro Center.png"/>
   <icon name="Extra 21.png" type2525b="a-n-G"/>
   <icon name="Human Remains Removed.png" type2525b="a-n-G"/>
   <icon name="Targeted Search.png" type2525b="a-n-G"/>
   <icon name="Animal Issue.png" type2525b="a-n-G"/>
   <icon name="HAZMAT.png" type2525b="a-n-G"/>
   <icon name="Structure No Damage.png" type2525b="a-n-G"/>
   <icon name="Extra 23.png" type2525b="a-n-G"/>
   <icon name="Rescued.png" type2525b="a-n-G"/>
   <icon name="Human Remains.png" type2525b="a-n-G"/>
   <icon name="Evacuated.png" type2525b="a-n-G"/>
   <icon name="Confirmed Victim.png" type2525b="a-n-G"/>
   <icon name="Follow-Up Form.png" type2525b="a-n-G"/>
   <icon name="Flood-Water Level.png" type2525b="a-n-G"/>
   <icon name="Shelter in Place.png" type2525b="a-n-G"/>
   <icon name="Extra 22.png" type2525b="a-n-G"/>
   <icon name="Route Blocked.png" type2525b="a-n-G"/>
   <icon name="Structure Damaged.png" type2525b="a-n-G"/>
   <icon name="Helo Landing Site.png" type2525b="a-n-G"/>
   <icon name="Structure Destroyed.png" type2525b="a-n-G"/>
   <icon name="Extra 24.png" type2525b="a-n-G"/>
   <icon name="Structure Failed.png" type2525b="a-n-G"/>
   <icon name="Victim Detected.png" type2525b="a-n-G"/>
   <icon name="Assisted.png" type2525b="a-n-G"/>
</iconset>