<iconset version="1" defaultFriendly="blue-pushpin.png" defaultHostile="red-pushpin.png" defaultNeutral="grn-pushpin.png" defaultUnknown="ylw-pushpin.png" name="Google" defaultGroup="Google" skipResize="false" uid="f7f71666-8b28-4b57-9fbb-e38e61d33b79">
   <icon name="airports.png" type2525b="a-u-A"/>
   <icon name="arrow-reverse.png" type2525b="a-u-G"/>
   <icon name="arts.png" type2525b="a-u-G"/>
   <icon name="bars.png" type2525b="a-u-G"/>
   <icon name="blu-blank.png" type2525b="a-u-G"/>
   <icon name="blue-pushpin.png" type2525b="a-u-G"/>
   <icon name="bus.png" type2525b="a-u-G-E-V"/>
   <icon name="cabs.png" type2525b="a-u-G-E-V"/>
   <icon name="camera.png" type2525b="a-u-G"/>
   <icon name="campfire.png" type2525b="a-u-G"/>
   <icon name="campground.png" type2525b="a-u-G-I"/>
   <icon name="caution.png" type2525b="a-u-G"/>
   <icon name="coffee.png" type2525b="a-u-G"/>
   <icon name="convenience.png" type2525b="a-u-G"/>
   <icon name="cross-hairs.png" type2525b="a-u-G"/>
   <icon name="cycling.png" type2525b="a-u-G"/>
   <icon name="dining.png" type2525b="a-u-G"/>
   <icon name="dollar.png" type2525b="a-u-G"/>
   <icon name="donut.png" type2525b="a-u-G"/>
   <icon name="earthquake.png" type2525b="a-u-G"/>
   <icon name="electronics.png" type2525b="a-u-G"/>
   <icon name="euro.png" type2525b="a-u-G"/>
   <icon name="falling_rocks.png" type2525b="a-u-G"/>
   <icon name="ferry.png" type2525b="a-u-S"/>
   <icon name="firedept.png" type2525b="a-u-G-I"/>
   <icon name="fishing.png" type2525b="a-u-G"/>
   <icon name="flag.png" type2525b="a-u-G"/>
   <icon name="forbidden.png" type2525b="a-u-G"/>
   <icon name="gas_stations.png" type2525b="a-u-G"/>
   <icon name="golf.png" type2525b="a-u-G"/>
   <icon name="grn-blank.png" type2525b="a-u-G"/>
   <icon name="grn-pushpin.png" type2525b="a-u-G"/>
   <icon name="grocery.png" type2525b="a-u-G-I"/>
   <icon name="heliport.png" type2525b="a-u-A-C-H"/>
   <icon name="hiker.png" type2525b="a-u-G"/>
   <icon name="homegardenbusiness.png" type2525b="a-u-G-I"/>
   <icon name="horsebackriding.png" type2525b="a-u-G"/>
   <icon name="hospitals.png" type2525b="a-u-G-I"/>
   <icon name="info-i.png" type2525b="a-u-G"/>
   <icon name="info.png" type2525b="a-u-G"/>
   <icon name="info_circle.png" type2525b="a-u-G"/>
   <icon name="lodging.png" type2525b="a-u-G-I"/>
   <icon name="ltblu-blank.png" type2525b="a-u-G"/>
   <icon name="ltblu-pushpin.png" type2525b="a-u-G"/>
   <icon name="man.png" type2525b="a-u-G"/>
   <icon name="marina.png" type2525b="a-u-S"/>
   <icon name="mechanic.png" type2525b="a-u-G"/>
   <icon name="motorcycling.png" type2525b="a-u-G-E-V"/>
   <icon name="movies.png" type2525b="a-u-G-I"/>
   <icon name="open-diamond.png" type2525b="a-u-G"/>
   <icon name="parks.png" type2525b="a-u-G"/>
   <icon name="partly_cloudy.png" type2525b="a-u-G"/>
   <icon name="phone.png" type2525b="a-u-G"/>
   <icon name="picnic.png" type2525b="a-u-G"/>
   <icon name="pink-blank.png" type2525b="a-u-G"/>
   <icon name="pink-pushpin.png" type2525b="a-u-G"/>
   <icon name="placemark_circle.png" type2525b="a-u-G"/>
   <icon name="placemark_square.png" type2525b="a-u-G"/>
   <icon name="play.png" type2525b="a-u-G"/>
   <icon name="poi.png" type2525b="a-u-G"/>
   <icon name="police.png" type2525b="a-u-G"/>
   <icon name="polygon.png" type2525b="a-u-G"/>
   <icon name="post_office.png" type2525b="a-u-G"/>
   <icon name="purple-pushpin.png" type2525b="a-u-G"/>
   <icon name="rail.png" type2525b="a-u-G-E-V"/>
   <icon name="rainy.png" type2525b="a-u-G"/>
   <icon name="ranger_station.png" type2525b="a-u-G-I"/>
   <icon name="realestate.png" type2525b="a-u-G"/>
   <icon name="red-pushpin.png" type2525b="a-u-G"/>
   <icon name="sailing.png" type2525b="a-u-S"/>
   <icon name="salon.png" type2525b="a-u-G-I"/>
   <icon name="shaded_dot.png" type2525b="a-u-G"/>
   <icon name="shopping.png" type2525b="a-u-G-I"/>
   <icon name="ski.png" type2525b="a-u-G"/>
   <icon name="snack_bar.png" type2525b="a-u-G-I"/>
   <icon name="snowflake_simple.png" type2525b="a-u-G"/>
   <icon name="square.png" type2525b="a-u-G"/>
   <icon name="star.png" type2525b="a-u-G"/>
   <icon name="subway.png" type2525b="a-u-G-E-V"/>
   <icon name="sunny.png" type2525b="a-u-G"/>
   <icon name="swimming.png" type2525b="a-u-G"/>
   <icon name="target.png" type2525b="a-u-G"/>
   <icon name="toilets.png" type2525b="a-u-G"/>
   <icon name="trail.png" type2525b="a-u-G"/>
   <icon name="tram.png" type2525b="a-u-G-E-V"/>
   <icon name="triangle.png" type2525b="a-u-G"/>
   <icon name="truck.png" type2525b="a-u-G-E-V"/>
   <icon name="volcano.png" type2525b="a-u-G"/>
   <icon name="water.png" type2525b="a-u-G"/>
   <icon name="webcam.png" type2525b="a-u-G"/>
   <icon name="wheel_chair_accessible.png" type2525b="a-u-G"/>
   <icon name="wht-blank.png" type2525b="a-u-G"/>
   <icon name="wht-pushpin.png" type2525b="a-u-G"/>
   <icon name="woman.png" type2525b="a-u-G"/>
   <icon name="yen.png" type2525b="a-u-G"/>
   <icon name="ylw-pushpin.png" type2525b="a-u-G"/>
</iconset>