<iconset version="1" name="Generic Icons" defaultGroup="SqrNum" skipResize="false" uid="ad78aafb-83a6-4c07-b2b9-a897a8b6a38f">
   <icon name="O Pin Invert.png"/>
   <icon name="T Pin Invert.png"/>
   <icon name="C Pin.png"/>
   <icon name="M Pin.png"/>
   <icon name="N Pin.png"/>
   <icon name="V Pin.png"/>
   <icon name="I Pin.png"/>
   <icon name="K Pin.png"/>
   <icon name="N Pin Invert.png"/>
   <icon name="L Pin.png"/>
   <icon name="D Pin.png"/>
   <icon name="Y Pin Invert.png"/>
   <icon name="T Pin.png"/>
   <icon name="X Pin Invert.png"/>
   <icon name="E Pin Invert.png"/>
   <icon name="A Pin.png"/>
   <icon name="C Pin Invert.png"/>
   <icon name="B Pin.png"/>
   <icon name="J Pin.png"/>
   <icon name="I Pin Invert.png"/>
   <icon name="B Pin Invert.png"/>
   <icon name="G Pin Invert.png"/>
   <icon name="R Pin Invert.png"/>
   <icon name="U Pin Invert.png"/>
   <icon name="U Pin.png"/>
   <icon name="M Pin Invert.png"/>
   <icon name="S Pin.png"/>
   <icon name="S Pin Invert.png"/>
   <icon name="P Pin.png"/>
   <icon name="Y Pin.png"/>
   <icon name="O Pin.png"/>
   <icon name="V Pin Invert.png"/>
   <icon name="Q Pin Invert.png"/>
   <icon name="Z Pin.png"/>
   <icon name="Q Pin.png"/>
   <icon name="K Pin Invert.png"/>
   <icon name="G Pin.png"/>
   <icon name="P Pin Invert.png"/>
   <icon name="A Pin Invert.png"/>
   <icon name="X Pin.png"/>
   <icon name="W Pin Invert.png"/>
   <icon name="F Pin.png"/>
   <icon name="H Pin.png"/>
   <icon name="W Pin.png"/>
   <icon name="E Pin.png"/>
   <icon name="Z Pin Invert.png"/>
   <icon name="J Pin Invert.png"/>
   <icon name="F Pin Invert.png"/>
   <icon name="L Pin Invert.png"/>
   <icon name="H Pin Invert.png"/>
   <icon name="D Pin Invert.png"/>
   <icon name="R Pin.png"/>
   <icon name="wht-square-lv.png"/>
   <icon name="wht-square-lv Invert.png"/>
   <icon name="wht-star Invert.png"/>
   <icon name="wht-diamond Invert.png"/>
   <icon name="wht-stars-lv.png"/>
   <icon name="wht-stars-lv Invert.png"/>
   <icon name="wht-blank.png"/>
   <icon name="wht-diamond-lv Invert.png"/>
   <icon name="wht-blank-lv Invert.png"/>
   <icon name="wht-circle Invert.png"/>
   <icon name="wht-diamond.png"/>
   <icon name="wht-square.png"/>
   <icon name="wht-diamond-lv.png"/>
   <icon name="wht-blank-lv.png"/>
   <icon name="wht-circle-lv Invert.png"/>
   <icon name="wht-stars.png"/>
   <icon name="wht-circle.png"/>
   <icon name="wht-circle-lv.png"/>
   <icon name="wht-square Invert.png"/>
   <icon name="wht-blank Invert.png"/>
   <icon name="76 Pin.png"/>
   <icon name="73 Pin Invert.png"/>
   <icon name="16 Pin Invert.png"/>
   <icon name="90 Pin.png"/>
   <icon name="47 Pin Invert.png"/>
   <icon name="39 Pin Invert.png"/>
   <icon name="32 Pin Invert.png"/>
   <icon name="81 Pin.png"/>
   <icon name="36 Pin Invert.png"/>
   <icon name="80 Pin.png"/>
   <icon name="49 Pin.png"/>
   <icon name="34 Pin.png"/>
   <icon name="52 Pin Invert.png"/>
   <icon name="23 Pin Invert.png"/>
   <icon name="09 Pin.png"/>
   <icon name="40 Pin Invert.png"/>
   <icon name="31 Pin Invert.png"/>
   <icon name="44 Pin.png"/>
   <icon name="71 Pin.png"/>
   <icon name="77 Pin Invert.png"/>
   <icon name="85 Pin Invert.png"/>
   <icon name="17 Pin.png"/>
   <icon name="48 Pin.png"/>
   <icon name="96 Pin Invert.png"/>
   <icon name="71 Pin Invert.png"/>
   <icon name="32 Pin.png"/>
   <icon name="25 Pin.png"/>
   <icon name="11 Pin.png"/>
   <icon name="20 Pin.png"/>
   <icon name="29 Pin.png"/>
   <icon name="28 Pin.png"/>
   <icon name="61 Pin Invert.png"/>
   <icon name="51 Pin Invert.png"/>
   <icon name="56 Pin.png"/>
   <icon name="95 Pin.png"/>
   <icon name="03 Pin Invert.png"/>
   <icon name="16 Pin.png"/>
   <icon name="45 Pin.png"/>
   <icon name="10 Pin Invert.png"/>
   <icon name="13 Pin Invert.png"/>
   <icon name="57 Pin Invert.png"/>
   <icon name="19 Pin Invert.png"/>
   <icon name="62 Pin Invert.png"/>
   <icon name="76 Pin Invert.png"/>
   <icon name="03 Pin.png"/>
   <icon name="35 Pin.png"/>
   <icon name="30 Pin Invert.png"/>
   <icon name="10 Pin.png"/>
   <icon name="74 Pin.png"/>
   <icon name="97 Pin.png"/>
   <icon name="22 Pin Invert.png"/>
   <icon name="65 Pin.png"/>
   <icon name="49 Pin Invert.png"/>
   <icon name="25 Pin Invert.png"/>
   <icon name="01 Pin.png"/>
   <icon name="24 Pin Invert.png"/>
   <icon name="08 Pin.png"/>
   <icon name="95 Pin Invert.png"/>
   <icon name="97 Pin Invert.png"/>
   <icon name="54 Pin Invert.png"/>
   <icon name="12 Pin Invert.png"/>
   <icon name="72 Pin.png"/>
   <icon name="21 Pin.png"/>
   <icon name="05 Pin.png"/>
   <icon name="70 Pin Invert.png"/>
   <icon name="07 Pin Invert.png"/>
   <icon name="88 Pin.png"/>
   <icon name="04 Pin Invert.png"/>
   <icon name="40 Pin.png"/>
   <icon name="68 Pin Invert.png"/>
   <icon name="46 Pin Invert.png"/>
   <icon name="64 Pin Invert.png"/>
   <icon name="98 Pin.png"/>
   <icon name="00 Pin Invert.png"/>
   <icon name="41 Pin Invert.png"/>
   <icon name="63 Pin Invert.png"/>
   <icon name="37 Pin Invert.png"/>
   <icon name="41 Pin.png"/>
   <icon name="72 Pin Invert.png"/>
   <icon name="14 Pin.png"/>
   <icon name="73 Pin.png"/>
   <icon name="22 Pin.png"/>
   <icon name="87 Pin Invert.png"/>
   <icon name="09 Pin Invert.png"/>
   <icon name="37 Pin.png"/>
   <icon name="01 Pin Invert.png"/>
   <icon name="84 Pin Invert.png"/>
   <icon name="13 Pin.png"/>
   <icon name="43 Pin Invert.png"/>
   <icon name="82 Pin.png"/>
   <icon name="59 Pin.png"/>
   <icon name="81 Pin Invert.png"/>
   <icon name="78 Pin Invert.png"/>
   <icon name="61 Pin.png"/>
   <icon name="07 Pin.png"/>
   <icon name="33 Pin Invert.png"/>
   <icon name="05  Pin Invert.png"/>
   <icon name="75 Pin Invert.png"/>
   <icon name="56 Pin Invert.png"/>
   <icon name="78 Pin.png"/>
   <icon name="86 Pin.png"/>
   <icon name="12 Pin.png"/>
   <icon name="29 Pin Invert.png"/>
   <icon name="33 Pin.png"/>
   <icon name="23 Pin.png"/>
   <icon name="94 Pin Invert.png"/>
   <icon name="15 Pin.png"/>
   <icon name="18 Pin Invert.png"/>
   <icon name="21 Pin Invert.png"/>
   <icon name="54 Pin.png"/>
   <icon name="91 Pin Invert.png"/>
   <icon name="52 Pin.png"/>
   <icon name="84 Pin.png"/>
   <icon name="30 Pin.png"/>
   <icon name="44 Pin Invert.png"/>
   <icon name="26 Pin.png"/>
   <icon name="85 Pin.png"/>
   <icon name="93 Pin.png"/>
   <icon name="83 Pin.png"/>
   <icon name="48 Pin Invert.png"/>
   <icon name="86 Pin Invert.png"/>
   <icon name="79 Pin.png"/>
   <icon name="17 Pin Invert.png"/>
   <icon name="87 Pin.png"/>
   <icon name="35 Pin Invert.png"/>
   <icon name="50 Pin.png"/>
   <icon name="27 Pin.png"/>
   <icon name="63 Pin.png"/>
   <icon name="53 Pin Invert.png"/>
   <icon name="83 Pin Invert.png"/>
   <icon name="68 Pin.png"/>
   <icon name="51 Pin.png"/>
   <icon name="55 Pin.png"/>
   <icon name="82 Pin Invert.png"/>
   <icon name="74 Pin Invert.png"/>
   <icon name="90 Pin Invert.png"/>
   <icon name="24 Pin.png"/>
   <icon name="67 Pin Invert.png"/>
   <icon name="91 Pin.png"/>
   <icon name="06 Pin Invert.png"/>
   <icon name="39 Pin.png"/>
   <icon name="66 Pin.png"/>
   <icon name="04 Pin.png"/>
   <icon name="34 Pin Invert.png"/>
   <icon name="58 Pin.png"/>
   <icon name="89 Pin Invert.png"/>
   <icon name="96 Pin.png"/>
   <icon name="28 Pin Invert.png"/>
   <icon name="20 Pin Invert.png"/>
   <icon name="92 Pin.png"/>
   <icon name="93 Pin Invert.png"/>
   <icon name="59 Pin Invert.png"/>
   <icon name="38 Pin Invert.png"/>
   <icon name="42 Pin.png"/>
   <icon name="88 Pin Invert.png"/>
   <icon name="08 Pin Invert.png"/>
   <icon name="57 Pin.png"/>
   <icon name="53 Pin.png"/>
   <icon name="94 Pin.png"/>
   <icon name="55 Pin Invert.png"/>
   <icon name="98 Pin Invert.png"/>
   <icon name="69 Pin Invert.png"/>
   <icon name="47 Pin.png"/>
   <icon name="26 Pin Invert.png"/>
   <icon name="64 Pin.png"/>
   <icon name="79 Pin Invert.png"/>
   <icon name="00 Pin.png"/>
   <icon name="66 Pin Invert.png"/>
   <icon name="60 Pin.png"/>
   <icon name="06 Pin.png"/>
   <icon name="02 Pin.png"/>
   <icon name="36 Pin.png"/>
   <icon name="92 Pin Invert.png"/>
   <icon name="77 Pin.png"/>
   <icon name="65 Pin Invert.png"/>
   <icon name="46 Pin.png"/>
   <icon name="18 Pin.png"/>
   <icon name="31 Pin.png"/>
   <icon name="38 Pin.png"/>
   <icon name="42 Pin Invert.png"/>
   <icon name="11 Pin Invert.png"/>
   <icon name="45 Pin Invert.png"/>
   <icon name="62 Pin.png"/>
   <icon name="58 Pin Invert.png"/>
   <icon name="27 Pin Invert.png"/>
   <icon name="99 Pin Invert.png"/>
   <icon name="14 Pin Invert.png"/>
   <icon name="50 Pin Invert.png"/>
   <icon name="15 Pin Invert.png"/>
   <icon name="69 Pin.png"/>
   <icon name="89 Pin.png"/>
   <icon name="02 Pin Invert.png"/>
   <icon name="60 Pin Invert.png"/>
   <icon name="43 Pin.png"/>
   <icon name="80 Pin Invert.png"/>
   <icon name="70 Pin.png"/>
   <icon name="67 Pin.png"/>
   <icon name="99 Pin.png"/>
   <icon name="75 Pin.png"/>
   <icon name="19 Pin.png"/>
   <icon name="247.png"/>
   <icon name="315.png"/>
   <icon name="240.png"/>
   <icon name="022.png"/>
   <icon name="120.png"/>
   <icon name="330.png"/>
   <icon name="135.png"/>
   <icon name="270.png"/>
   <icon name="000.png"/>
   <icon name="225.png"/>
   <icon name="030.png"/>
   <icon name="300.png"/>
   <icon name="202.png"/>
   <icon name="060.png"/>
   <icon name="150.png"/>
   <icon name="210.png"/>
   <icon name="045.png"/>
   <icon name="180.png"/>
   <icon name="112.png"/>
   <icon name="292.png"/>
   <icon name="track-none.png"/>
   <icon name="157.png"/>
   <icon name="337.png"/>
   <icon name="067.png"/>
   <icon name="090.png"/>
   <icon name="truck.png"/>
   <icon name="info_circle.png"/>
   <icon name="mechanic.png"/>
   <icon name="square.png"/>
   <icon name="camera.png"/>
   <icon name="partly_cloudy.png"/>
   <icon name="swimming.png"/>
   <icon name="volcano.png"/>
   <icon name="cabs.png"/>
   <icon name="homegardenbusiness.png"/>
   <icon name="euro.png"/>
   <icon name="golf.png"/>
   <icon name="airports.png"/>
   <icon name="capital_big.png"/>
   <icon name="info-i.png"/>
   <icon name="sailing.png"/>
   <icon name="earthquake.png"/>
   <icon name="ranger_station.png"/>
   <icon name="picnic.png"/>
   <icon name="toilets.png"/>
   <icon name="hiker.png"/>
   <icon name="snowflake_simple.png"/>
   <icon name="convenience.png"/>
   <icon name="phone.png"/>
   <icon name="bus.png"/>
   <icon name="woman.png"/>
   <icon name="rainy.png"/>
   <icon name="parking_lot.png"/>
   <icon name="police.png"/>
   <icon name="sunny.png"/>
   <icon name="dollar.png"/>
   <icon name="man.png"/>
   <icon name="tram.png"/>
   <icon name="firedept.png"/>
   <icon name="wheel_chair_accessible.png"/>
   <icon name="triangle.png"/>
   <icon name="movies.png"/>
   <icon name="shopping.png"/>
   <icon name="cycling.png"/>
   <icon name="polygon.png"/>
   <icon name="trail.png"/>
   <icon name="forbidden.png"/>
   <icon name="campfire.png"/>
   <icon name="motorcycling.png"/>
   <icon name="yen.png"/>
   <icon name="target.png"/>
   <icon name="campground.png"/>
   <icon name="subway.png"/>
   <icon name="ferry.png"/>
   <icon name="caution.png"/>
   <icon name="lodging.png"/>
   <icon name="dining.png"/>
   <icon name="play.png"/>
   <icon name="schools.png"/>
   <icon name="coffee.png"/>
   <icon name="flag.png"/>
   <icon name="snack_bar.png"/>
   <icon name="donut.png"/>
   <icon name="ski.png"/>
   <icon name="poi.png"/>
   <icon name="water.png"/>
   <icon name="parks.png"/>
   <icon name="rail.png"/>
   <icon name="marina.png"/>
   <icon name="placemark_square.png"/>
   <icon name="horsebackriding.png"/>
   <icon name="falling_rocks.png"/>
   <icon name="star.png"/>
   <icon name="electronics.png"/>
   <icon name="mountains.png"/>
   <icon name="post_office.png"/>
   <icon name="placemark_circle.png"/>
   <icon name="church.png"/>
   <icon name="heliport.png"/>
   <icon name="realestate.png"/>
   <icon name="arts.png"/>
   <icon name="capital_small.png"/>
   <icon name="grocery.png"/>
   <icon name="hospitals.png"/>
   <icon name="salon.png"/>
   <icon name="pharmacy_rx.png"/>
   <icon name="open-diamond.png"/>
   <icon name="gas_stations.png"/>
   <icon name="fishing.png"/>
   <icon name="webcam.png"/>
   <icon name="thunderstorm.png"/>
   <icon name="bars.png"/>
   <icon name="road_shield1.png"/>
   <icon name="ruler.png"/>
   <icon name="capital_big_highlight.png"/>
   <icon name="placemark_circle_highlight.png"/>
   <icon name="info.png"/>
   <icon name="terrain.png"/>
   <icon name="road_shield2.png"/>
   <icon name="placemark_square_highlight.png"/>
   <icon name="shaded_dot.png"/>
   <icon name="capital_small_highlight.png"/>
   <icon name="highway.png"/>
   <icon name="road_shield3.png"/>
   <icon name="K Square.png"/>
   <icon name="Z Square Invert.png"/>
   <icon name="C Square Invert.png"/>
   <icon name="X Square.png"/>
   <icon name="U Square Invert.png"/>
   <icon name="A Square Invert.png"/>
   <icon name="L Square Invert.png"/>
   <icon name="B Square Invert.png"/>
   <icon name="J Square.png"/>
   <icon name="G Square.png"/>
   <icon name="E Square.png"/>
   <icon name="H Square Invert.png"/>
   <icon name="Y Square Invert.png"/>
   <icon name="I Square.png"/>
   <icon name="W Square.png"/>
   <icon name="N Square Invert.png"/>
   <icon name="Y Square.png"/>
   <icon name="D Square Invert.png"/>
   <icon name="Q Square.png"/>
   <icon name="K Square Invert.png"/>
   <icon name="M Square.png"/>
   <icon name="L Square.png"/>
   <icon name="M Square Invert.png"/>
   <icon name="O Square Invert.png"/>
   <icon name="X Square Invert.png"/>
   <icon name="W Square Invert.png"/>
   <icon name="P Square Invert.png"/>
   <icon name="P Square.png"/>
   <icon name="Z Square.png"/>
   <icon name="S Square Invert.png"/>
   <icon name="T Square Invert.png"/>
   <icon name="J Square Invert.png"/>
   <icon name="N Square.png"/>
   <icon name="F Square.png"/>
   <icon name="A Square.png"/>
   <icon name="I Square Invert.png"/>
   <icon name="T Square.png"/>
   <icon name="R Square Invert.png"/>
   <icon name="E Square Invert.png"/>
   <icon name="H Square.png"/>
   <icon name="F Square Invert.png"/>
   <icon name="D Square.png"/>
   <icon name="Q Square Invert.png"/>
   <icon name="O Square.png"/>
   <icon name="R Square.png"/>
   <icon name="G Square Invert.png"/>
   <icon name="B Square.png"/>
   <icon name="C Square.png"/>
   <icon name="U Square.png"/>
   <icon name="S Square.png"/>
   <icon name="V Square.png"/>
   <icon name="V Square Invert.png"/>
   <icon name="62 Square Invert.png"/>
   <icon name="39 Square Invert.png"/>
   <icon name="79 Square Invert.png"/>
   <icon name="65 Square.png"/>
   <icon name="13 Square Invert.png"/>
   <icon name="78 Square.png"/>
   <icon name="33 Square.png"/>
   <icon name="98 Square Invert.png"/>
   <icon name="16 Square Invert.png"/>
   <icon name="53 Square Invert.png"/>
   <icon name="69 Square Invert.png"/>
   <icon name="19 Square.png"/>
   <icon name="11 Square Invert.png"/>
   <icon name="95 Square Invert.png"/>
   <icon name="78 Square Invert.png"/>
   <icon name="04 Square Invert.png"/>
   <icon name="25 Square.png"/>
   <icon name="42 Square Invert.png"/>
   <icon name="30 Square Invert.png"/>
   <icon name="23 Square.png"/>
   <icon name="16 Square.png"/>
   <icon name="71 Square Invert.png"/>
   <icon name="05 Square Invert.png"/>
   <icon name="10 Square.png"/>
   <icon name="57 Square.png"/>
   <icon name="99 Square.png"/>
   <icon name="26 Square Invert.png"/>
   <icon name="79 Square.png"/>
   <icon name="86 Square Invert.png"/>
   <icon name="11 Square.png"/>
   <icon name="93 Square Invert.png"/>
   <icon name="04 Square.png"/>
   <icon name="24 Square.png"/>
   <icon name="80 Square Invert.png"/>
   <icon name="32 Square Invert.png"/>
   <icon name="65 Square Invert.png"/>
   <icon name="61 Square Invert.png"/>
   <icon name="45 Square Invert.png"/>
   <icon name="82 Square Invert.png"/>
   <icon name="85 Square.png"/>
   <icon name="76 Square.png"/>
   <icon name="31 Square.png"/>
   <icon name="81 Square.png"/>
   <icon name="55 Square Invert.png"/>
   <icon name="00 Square Invert.png"/>
   <icon name="29 Square.png"/>
   <icon name="88 Square.png"/>
   <icon name="83 Square Invert.png"/>
   <icon name="83 Square.png"/>
   <icon name="41 Square Invert.png"/>
   <icon name="58 Square.png"/>
   <icon name="54 Square.png"/>
   <icon name="08 Square.png"/>
   <icon name="22 Square Invert.png"/>
   <icon name="82 Square.png"/>
   <icon name="47 Square.png"/>
   <icon name="30 Square.png"/>
   <icon name="09 Square Invert.png"/>
   <icon name="67 Square.png"/>
   <icon name="00 Square.png"/>
   <icon name="99 Square Invert.png"/>
   <icon name="34 Square.png"/>
   <icon name="49 Square Invert.png"/>
   <icon name="44 Square.png"/>
   <icon name="06 Square.png"/>
   <icon name="89 Square Invert.png"/>
   <icon name="41 Square.png"/>
   <icon name="52 Square.png"/>
   <icon name="97 Square.png"/>
   <icon name="64 Square Invert.png"/>
   <icon name="12 Square Invert.png"/>
   <icon name="87 Square.png"/>
   <icon name="80 Square.png"/>
   <icon name="36 Square Invert.png"/>
   <icon name="50 Square Invert.png"/>
   <icon name="91 Square.png"/>
   <icon name="18 Square Invert.png"/>
   <icon name="36 Square.png"/>
   <icon name="66 Square Invert.png"/>
   <icon name="92 Square.png"/>
   <icon name="21 Square Invert.png"/>
   <icon name="15 Square.png"/>
   <icon name="90 Square.png"/>
   <icon name="58 Square Invert.png"/>
   <icon name="17 Square Invert.png"/>
   <icon name="72 Square.png"/>
   <icon name="57 Square Invert.png"/>
   <icon name="29 Square Invert.png"/>
   <icon name="49 Square.png"/>
   <icon name="07 Square.png"/>
   <icon name="84 Square.png"/>
   <icon name="12 Square.png"/>
   <icon name="23 Square Invert.png"/>
   <icon name="75 Square.png"/>
   <icon name="28 Square.png"/>
   <icon name="18 Square.png"/>
   <icon name="47 Square Invert.png"/>
   <icon name="46 Square Invert.png"/>
   <icon name="39 Square.png"/>
   <icon name="03 Square Invert.png"/>
   <icon name="19 Square Invert.png"/>
   <icon name="73 Square.png"/>
   <icon name="35 Square.png"/>
   <icon name="60 Square.png"/>
   <icon name="22 Square.png"/>
   <icon name="34 Square Invert.png"/>
   <icon name="70 Square.png"/>
   <icon name="40 Square Invert.png"/>
   <icon name="92 Square Invert.png"/>
   <icon name="08 Square Invert.png"/>
   <icon name="44 Square Invert.png"/>
   <icon name="77 Square Invert.png"/>
   <icon name="68 Square Invert.png"/>
   <icon name="45 Square.png"/>
   <icon name="05 Square.png"/>
   <icon name="07 Square Invert.png"/>
   <icon name="25 Square Invert.png"/>
   <icon name="Blank Square.png"/>
   <icon name="74 Square.png"/>
   <icon name="93 Square.png"/>
   <icon name="20 Square.png"/>
   <icon name="91 Square Invert.png"/>
   <icon name="43 Square Invert.png"/>
   <icon name="98 Square.png"/>
   <icon name="06 Square Invert.png"/>
   <icon name="32 Square.png"/>
   <icon name="69 Square.png"/>
   <icon name="88 Square Invert.png"/>
   <icon name="31 Square Invert.png"/>
   <icon name="74 Square Invert.png"/>
   <icon name="81 Square Invert.png"/>
   <icon name="38 Square Invert.png"/>
   <icon name="97 Square Invert.png"/>
   <icon name="51 Square Invert.png"/>
   <icon name="75 Square Invert.png"/>
   <icon name="56 Square Invert.png"/>
   <icon name="84 Square Invert.png"/>
   <icon name="59 Square.png"/>
   <icon name="61 Square.png"/>
   <icon name="43 Square.png"/>
   <icon name="59 Square Invert.png"/>
   <icon name="09 Square.png"/>
   <icon name="40 Square.png"/>
   <icon name="01 Square.png"/>
   <icon name="70 Square Invert.png"/>
   <icon name="20 Square Invert.png"/>
   <icon name="50 Square.png"/>
   <icon name="54 Square Invert.png"/>
   <icon name="46 Square.png"/>
   <icon name="27 Square Invert.png"/>
   <icon name="37 Square.png"/>
   <icon name="38 Square.png"/>
   <icon name="01 Square Invert.png"/>
   <icon name="14 Square Invert.png"/>
   <icon name="53 Square.png"/>
   <icon name="66 Square.png"/>
   <icon name="14 Square.png"/>
   <icon name="85 Square Invert.png"/>
   <icon name="71 Square.png"/>
   <icon name="96 Square Invert.png"/>
   <icon name="21 Square.png"/>
   <icon name="28 Square Invert.png"/>
   <icon name="63 Square.png"/>
   <icon name="51 Square.png"/>
   <icon name="35 Square Invert.png"/>
   <icon name="86 Square.png"/>
   <icon name="87 Square Invert.png"/>
   <icon name="64 Square.png"/>
   <icon name="42 Square.png"/>
   <icon name="96 Square.png"/>
   <icon name="17 Square.png"/>
   <icon name="52 Square Invert.png"/>
   <icon name="15 Square Invert.png"/>
   <icon name="55 Square.png"/>
   <icon name="72 Square Invert.png"/>
   <icon name="67 Square Invert.png"/>
   <icon name="60 Square Invert.png"/>
   <icon name="26 Square.png"/>
   <icon name="73 Square Invert.png"/>
   <icon name="03 Square.png"/>
   <icon name="94 Square Invert.png"/>
   <icon name="68 Square.png"/>
   <icon name="02 Square Invert.png"/>
   <icon name="94 Square.png"/>
   <icon name="77 Square.png"/>
   <icon name="95 Square.png"/>
   <icon name="10 Square Invert.png"/>
   <icon name="63 Square Invert.png"/>
   <icon name="56 Square.png"/>
   <icon name="89 Square.png"/>
   <icon name="48 Square Invert.png"/>
   <icon name="90 Square Invert.png"/>
   <icon name="33 Square Invert.png"/>
   <icon name="37 Square Invert.png"/>
   <icon name="24 Square Invert.png"/>
   <icon name="76 Square Invert.png"/>
   <icon name="27 Square.png"/>
   <icon name="02 Square.png"/>
   <icon name="48 Square.png"/>
   <icon name="13 Square.png"/>
   <icon name="62 Square.png"/>
   <icon name="purple-pushpin.png"/>
   <icon name="red-pushpin.png"/>
   <icon name="ylw-pushpin.png"/>
   <icon name="ltblu-pushpin.png"/>
   <icon name="pink-pushpin.png"/>
   <icon name="grn-pushpin.png"/>
   <icon name="1wht-pushpin.png"/>
   <icon name="blue-pushpin.png"/>
</iconset>